  0
SECTION
  2
HEADER
  9
$ANGBASE
  50
0.0
  9
$ANGDIR
  70
1
  9
$MEASUREMENT
  70
1
  0
ENDSEC
  0
SECTION
  2
TABLES
  0
TABLE
  2
LTYPE
  70
4
  0
LTYPE
  5
40F
  2
CONTINUOUS
  70
0
  3
Solid line
  72
65
  73
0
  40
0.0
  0
LTYPE
  5
410
  2
DASHDOT
 70
0
  3
Dash Dot ____ _ ____ _
 72
65
 73
4
 40
2.0
 49
1.25
 49
-0.25
 49
0.25
 49
-0.25
  0
LTYPE
  5
411
  2
DASHED
 70
0
  3
Dashed __ __ __ __ __
 72
65
 73
2
 40
0.75
 49
0.5
 49
-0.25
  0
LTYPE
  5
43B
  2
DOTTED
 70
0
  3
Dotted .  .  .  .
 72
65
 73
2
 40
0.2
 49
0.0
 49
-0.2
  0
ENDTAB
  0
TABLE
  2
STYLE
  70
4
  0
STYLE
  2
KICAD
  70
0
  40
0
  41
1
  42
1
  50
0
  71
0
  3
isocp.shx
  0
STYLE
  2
KICADB
  70
0
  40
0
  41
1
  42
1
  50
0
  71
0
  3
isocp.shx
  0
STYLE
  2
KICADI
  70
0
  40
0
  41
1
  42
1
  50
15
  71
0
  3
isocp.shx
  0
STYLE
  2
KICADBI
  70
0
  40
0
  41
1
  42
1
  50
15
  71
0
  3
isocp.shx
  0
ENDTAB
  0
TABLE
  2
LAYER
  70
1
  0
LAYER
  2
BLACK
  70
0
  62
7
  6
CONTINUOUS
  0
ENDTAB
  0
ENDSEC
  0
SECTION
  2
ENTITIES
0
CIRCLE
8
BLACK
10
100.
20
-100.
40
3.
0
CIRCLE
8
BLACK
10
100.
20
-100.
40
60.
0
LINE
8
BLACK
6
CONTINUOUS
10
41.3500000000000014
20
-100.8499999999999943
11
41.6499999999999986
21
-101.1499999999999915
0
LINE
8
BLACK
6
CONTINUOUS
10
41.6499999999999986
20
-100.8499999999999943
11
41.3500000000000014
21
-101.1499999999999915
0
LINE
8
BLACK
6
CONTINUOUS
10
44.8500000000000014
20
-114.8499999999999943
11
45.1499999999999986
21
-115.1499999999999915
0
LINE
8
BLACK
6
CONTINUOUS
10
45.1499999999999986
20
-114.8499999999999943
11
44.8500000000000014
21
-115.1499999999999915
0
LINE
8
BLACK
6
CONTINUOUS
10
62.6999999999999957
20
-116.1599999999999966
11
63.
21
-116.4599999999999937
0
LINE
8
BLACK
6
CONTINUOUS
10
63.
20
-116.1599999999999966
11
62.6999999999999957
21
-116.4599999999999937
0
LINE
8
BLACK
6
CONTINUOUS
10
67.25
20
-51.4499999999999957
11
67.5499999999999972
21
-51.75
0
LINE
8
BLACK
6
CONTINUOUS
10
67.5499999999999972
20
-51.4499999999999957
11
67.25
21
-51.75
0
LINE
8
BLACK
6
CONTINUOUS
10
75.75
20
-148.8499999999999943
11
76.0499999999999972
21
-149.1500000000000057
0
LINE
8
BLACK
6
CONTINUOUS
10
76.0499999999999972
20
-148.8499999999999943
11
75.75
21
-149.1500000000000057
0
LINE
8
BLACK
6
CONTINUOUS
10
76.3499999999999943
20
-92.3499999999999943
11
76.6499999999999915
21
-92.6499999999999915
0
LINE
8
BLACK
6
CONTINUOUS
10
76.6499999999999915
20
-92.3499999999999943
11
76.3499999999999943
21
-92.6499999999999915
0
LINE
8
BLACK
6
CONTINUOUS
10
78.1499999999999915
20
-45.6499999999999986
11
78.4500000000000028
21
-45.9499999999999957
0
LINE
8
BLACK
6
CONTINUOUS
10
78.4500000000000028
20
-45.6499999999999986
11
78.1499999999999915
21
-45.9499999999999957
0
LINE
8
BLACK
6
CONTINUOUS
10
78.8499999999999943
20
-115.4499999999999886
11
79.1499999999999915
21
-115.75
0
LINE
8
BLACK
6
CONTINUOUS
10
79.1499999999999915
20
-115.4499999999999886
11
78.8499999999999943
21
-115.75
0
LINE
8
BLACK
6
CONTINUOUS
10
80.3499999999999943
20
-84.8499999999999943
11
80.6499999999999915
21
-85.1499999999999915
0
LINE
8
BLACK
6
CONTINUOUS
10
80.6499999999999915
20
-84.8499999999999943
11
80.3499999999999943
21
-85.1499999999999915
0
LINE
8
BLACK
6
CONTINUOUS
10
83.3499999999999943
20
-102.25
11
83.6499999999999915
21
-102.5499999999999972
0
LINE
8
BLACK
6
CONTINUOUS
10
83.6499999999999915
20
-102.25
11
83.3499999999999943
21
-102.5499999999999972
0
LINE
8
BLACK
6
CONTINUOUS
10
86.8499999999999943
20
-106.4499999999999886
11
87.1499999999999915
21
-106.75
0
LINE
8
BLACK
6
CONTINUOUS
10
87.1499999999999915
20
-106.4499999999999886
11
86.8499999999999943
21
-106.75
0
LINE
8
BLACK
6
CONTINUOUS
10
90.6499999999999915
20
-153.5499999999999829
11
90.9500000000000028
21
-153.8499999999999943
0
LINE
8
BLACK
6
CONTINUOUS
10
90.9500000000000028
20
-153.5499999999999829
11
90.6499999999999915
21
-153.8499999999999943
0
LINE
8
BLACK
6
CONTINUOUS
10
91.0499999999999972
20
-157.8499999999999943
11
91.3499999999999943
21
-158.1500000000000057
0
LINE
8
BLACK
6
CONTINUOUS
10
91.3499999999999943
20
-157.8499999999999943
11
91.0499999999999972
21
-158.1500000000000057
0
LINE
8
BLACK
6
CONTINUOUS
10
91.5499999999999972
20
-136.25
11
91.8499999999999943
21
-136.5499999999999829
0
LINE
8
BLACK
6
CONTINUOUS
10
91.8499999999999943
20
-136.25
11
91.5499999999999972
21
-136.5499999999999829
0
LINE
8
BLACK
6
CONTINUOUS
10
95.9381999999999948
20
-132.8189999999999884
11
96.238199999999992
21
-133.1189999999999998
0
LINE
8
BLACK
6
CONTINUOUS
10
96.238199999999992
20
-132.8189999999999884
11
95.9381999999999948
21
-133.1189999999999998
0
LINE
8
BLACK
6
CONTINUOUS
10
98.5499999999999972
20
-150.9499999999999886
11
98.8499999999999943
21
-151.25
0
LINE
8
BLACK
6
CONTINUOUS
10
98.8499999999999943
20
-150.9499999999999886
11
98.5499999999999972
21
-151.25
0
LINE
8
BLACK
6
CONTINUOUS
10
99.0499999999999972
20
-79.25
11
99.3499999999999943
21
-79.5499999999999972
0
LINE
8
BLACK
6
CONTINUOUS
10
99.3499999999999943
20
-79.25
11
99.0499999999999972
21
-79.5499999999999972
0
LINE
8
BLACK
6
CONTINUOUS
10
101.0499999999999972
20
-119.9499999999999886
11
101.3499999999999943
21
-120.25
0
LINE
8
BLACK
6
CONTINUOUS
10
101.3499999999999943
20
-119.9499999999999886
11
101.0499999999999972
21
-120.25
0
LINE
8
BLACK
6
CONTINUOUS
10
102.1499999999999915
20
-67.9500000000000028
11
102.4499999999999886
21
-68.25
0
LINE
8
BLACK
6
CONTINUOUS
10
102.4499999999999886
20
-67.9500000000000028
11
102.1499999999999915
21
-68.25
0
LINE
8
BLACK
6
CONTINUOUS
10
103.9499999999999886
20
-44.1499999999999986
11
104.25
21
-44.4499999999999957
0
LINE
8
BLACK
6
CONTINUOUS
10
104.25
20
-44.1499999999999986
11
103.9499999999999886
21
-44.4499999999999957
0
LINE
8
BLACK
6
CONTINUOUS
10
107.0499999999999972
20
-144.75
11
107.3499999999999943
21
-145.0499999999999829
0
LINE
8
BLACK
6
CONTINUOUS
10
107.3499999999999943
20
-144.75
11
107.0499999999999972
21
-145.0499999999999829
0
LINE
8
BLACK
6
CONTINUOUS
10
111.1499999999999915
20
-42.5499999999999972
11
111.4499999999999886
21
-42.8500000000000014
0
LINE
8
BLACK
6
CONTINUOUS
10
111.4499999999999886
20
-42.5499999999999972
11
111.1499999999999915
21
-42.8500000000000014
0
LINE
8
BLACK
6
CONTINUOUS
10
112.4499999999999886
20
-145.1500000000000057
11
112.75
21
-145.4499999999999886
0
LINE
8
BLACK
6
CONTINUOUS
10
112.75
20
-145.1500000000000057
11
112.4499999999999886
21
-145.4499999999999886
0
LINE
8
BLACK
6
CONTINUOUS
10
112.8499999999999943
20
-75.8499999999999943
11
113.1499999999999915
21
-76.1499999999999915
0
LINE
8
BLACK
6
CONTINUOUS
10
113.1499999999999915
20
-75.8499999999999943
11
112.8499999999999943
21
-76.1499999999999915
0
LINE
8
BLACK
6
CONTINUOUS
10
115.4499999999999886
20
-142.75
11
115.75
21
-143.0499999999999829
0
LINE
8
BLACK
6
CONTINUOUS
10
115.75
20
-142.75
11
115.4499999999999886
21
-143.0499999999999829
0
LINE
8
BLACK
6
CONTINUOUS
10
119.1499999999999915
20
-57.25
11
119.4499999999999886
21
-57.5499999999999972
0
LINE
8
BLACK
6
CONTINUOUS
10
119.4499999999999886
20
-57.25
11
119.1499999999999915
21
-57.5499999999999972
0
LINE
8
BLACK
6
CONTINUOUS
10
120.3499999999999943
20
-108.3499999999999943
11
120.6499999999999915
21
-108.6499999999999915
0
LINE
8
BLACK
6
CONTINUOUS
10
120.6499999999999915
20
-108.3499999999999943
11
120.3499999999999943
21
-108.6499999999999915
0
LINE
8
BLACK
6
CONTINUOUS
10
120.7286000000000001
20
-139.4483999999999924
11
121.0285999999999973
21
-139.7484000000000037
0
LINE
8
BLACK
6
CONTINUOUS
10
121.0285999999999973
20
-139.4483999999999924
11
120.7286000000000001
21
-139.7484000000000037
0
LINE
8
BLACK
6
CONTINUOUS
10
121.2365999999999957
20
-117.934599999999989
11
121.5365999999999929
21
-118.2346000000000004
0
LINE
8
BLACK
6
CONTINUOUS
10
121.5365999999999929
20
-117.934599999999989
11
121.2365999999999957
21
-118.2346000000000004
0
LINE
8
BLACK
6
CONTINUOUS
10
125.25
20
-69.8499999999999943
11
125.5499999999999972
21
-70.1499999999999915
0
LINE
8
BLACK
6
CONTINUOUS
10
125.5499999999999972
20
-69.8499999999999943
11
125.25
21
-70.1499999999999915
0
LINE
8
BLACK
6
CONTINUOUS
10
126.6213999999999942
20
-125.4275999999999982
11
126.9213999999999913
21
-125.7275999999999954
0
LINE
8
BLACK
6
CONTINUOUS
10
126.9213999999999913
20
-125.4275999999999982
11
126.6213999999999942
21
-125.7275999999999954
0
LINE
8
BLACK
6
CONTINUOUS
10
126.75
20
-151.1500000000000057
11
127.0499999999999972
21
-151.4499999999999886
0
LINE
8
BLACK
6
CONTINUOUS
10
127.0499999999999972
20
-151.1500000000000057
11
126.75
21
-151.4499999999999886
0
LINE
8
BLACK
6
CONTINUOUS
10
127.75
20
-76.4500000000000028
11
128.0499999999999829
21
-76.75
0
LINE
8
BLACK
6
CONTINUOUS
10
128.0499999999999829
20
-76.4500000000000028
11
127.75
21
-76.75
0
LINE
8
BLACK
6
CONTINUOUS
10
128.8499999999999943
20
-91.8499999999999943
11
129.1500000000000057
21
-92.1499999999999915
0
LINE
8
BLACK
6
CONTINUOUS
10
129.1500000000000057
20
-91.8499999999999943
11
128.8499999999999943
21
-92.1499999999999915
0
LINE
8
BLACK
6
CONTINUOUS
10
129.0499999999999829
20
-136.25
11
129.3499999999999943
21
-136.5499999999999829
0
LINE
8
BLACK
6
CONTINUOUS
10
129.3499999999999943
20
-136.25
11
129.0499999999999829
21
-136.5499999999999829
0
LINE
8
BLACK
6
CONTINUOUS
10
130.9499999999999886
20
-82.8499999999999943
11
131.25
21
-83.1499999999999915
0
LINE
8
BLACK
6
CONTINUOUS
10
131.25
20
-82.8499999999999943
11
130.9499999999999886
21
-83.1499999999999915
0
LINE
8
BLACK
6
CONTINUOUS
10
130.9499999999999886
20
-134.8499999999999943
11
131.25
21
-135.1500000000000057
0
LINE
8
BLACK
6
CONTINUOUS
10
131.25
20
-134.8499999999999943
11
130.9499999999999886
21
-135.1500000000000057
0
LINE
8
BLACK
6
CONTINUOUS
10
131.1500000000000057
20
-113.5499999999999972
11
131.4499999999999886
21
-113.8499999999999943
0
LINE
8
BLACK
6
CONTINUOUS
10
131.4499999999999886
20
-113.5499999999999972
11
131.1500000000000057
21
-113.8499999999999943
0
LINE
8
BLACK
6
CONTINUOUS
10
131.4499999999999886
20
-148.6500000000000057
11
131.75
21
-148.9499999999999886
0
LINE
8
BLACK
6
CONTINUOUS
10
131.75
20
-148.6500000000000057
11
131.4499999999999886
21
-148.9499999999999886
0
LINE
8
BLACK
6
CONTINUOUS
10
131.6500000000000057
20
-133.0499999999999829
11
131.9499999999999886
21
-133.3499999999999943
0
LINE
8
BLACK
6
CONTINUOUS
10
131.9499999999999886
20
-133.0499999999999829
11
131.6500000000000057
21
-133.3499999999999943
0
LINE
8
BLACK
6
CONTINUOUS
10
132.4499999999999886
20
-131.25
11
132.75
21
-131.5499999999999829
0
LINE
8
BLACK
6
CONTINUOUS
10
132.75
20
-131.25
11
132.4499999999999886
21
-131.5499999999999829
0
LINE
8
BLACK
6
CONTINUOUS
10
136.5499999999999829
20
-125.9499999999999886
11
136.8499999999999943
21
-126.25
0
LINE
8
BLACK
6
CONTINUOUS
10
136.8499999999999943
20
-125.9499999999999886
11
136.5499999999999829
21
-126.25
0
LINE
8
BLACK
6
CONTINUOUS
10
138.4499999999999886
20
-111.4499999999999886
11
138.75
21
-111.75
0
LINE
8
BLACK
6
CONTINUOUS
10
138.75
20
-111.4499999999999886
11
138.4499999999999886
21
-111.75
0
LINE
8
BLACK
6
CONTINUOUS
10
140.2357999999999834
20
-141.7597999999999843
11
140.5357999999999947
21
-142.0597999999999956
0
LINE
8
BLACK
6
CONTINUOUS
10
140.5357999999999947
20
-141.7597999999999843
11
140.2357999999999834
21
-142.0597999999999956
0
LINE
8
BLACK
6
CONTINUOUS
10
140.25
20
-60.75
11
140.5499999999999829
21
-61.0499999999999972
0
LINE
8
BLACK
6
CONTINUOUS
10
140.5499999999999829
20
-60.75
11
140.25
21
-61.0499999999999972
0
LINE
8
BLACK
6
CONTINUOUS
10
140.8499999999999943
20
-107.3499999999999943
11
141.1500000000000057
21
-107.6499999999999915
0
LINE
8
BLACK
6
CONTINUOUS
10
141.1500000000000057
20
-107.3499999999999943
11
140.8499999999999943
21
-107.6499999999999915
0
LINE
8
BLACK
6
CONTINUOUS
10
141.75
20
-79.8499999999999943
11
142.0499999999999829
21
-80.1499999999999915
0
LINE
8
BLACK
6
CONTINUOUS
10
142.0499999999999829
20
-79.8499999999999943
11
141.75
21
-80.1499999999999915
0
LINE
8
BLACK
6
CONTINUOUS
10
141.8499999999999943
20
-66.5499999999999972
11
142.1500000000000057
21
-66.8499999999999943
0
LINE
8
BLACK
6
CONTINUOUS
10
142.1500000000000057
20
-66.5499999999999972
11
141.8499999999999943
21
-66.8499999999999943
0
LINE
8
BLACK
6
CONTINUOUS
10
146.3499999999999943
20
-122.4499999999999886
11
146.6500000000000057
21
-122.75
0
LINE
8
BLACK
6
CONTINUOUS
10
146.6500000000000057
20
-122.4499999999999886
11
146.3499999999999943
21
-122.75
0
LINE
8
BLACK
6
CONTINUOUS
10
146.8499999999999943
20
-134.1500000000000057
11
147.1500000000000057
21
-134.4499999999999886
0
LINE
8
BLACK
6
CONTINUOUS
10
147.1500000000000057
20
-134.1500000000000057
11
146.8499999999999943
21
-134.4499999999999886
0
LINE
8
BLACK
6
CONTINUOUS
10
149.6500000000000057
20
-112.25
11
149.9499999999999886
21
-112.5499999999999972
0
LINE
8
BLACK
6
CONTINUOUS
10
149.9499999999999886
20
-112.25
11
149.6500000000000057
21
-112.5499999999999972
0
LINE
8
BLACK
6
CONTINUOUS
10
157.4249999999999829
20
-100.3249999999999886
11
157.7249999999999943
21
-100.625
0
LINE
8
BLACK
6
CONTINUOUS
10
157.7249999999999943
20
-100.3249999999999886
11
157.4249999999999829
21
-100.625
0
CIRCLE
8
BLACK
10
70.
20
-116.
40
0.5
0
CIRCLE
8
BLACK
10
72.1997049999999945
20
-114.7299999999999898
40
0.5
0
CIRCLE
8
BLACK
10
74.3994089999999915
20
-113.4599999999999937
40
0.5
0
CIRCLE
8
BLACK
10
76.5991140000000001
20
-112.1899999999999977
40
0.5
0
CIRCLE
8
BLACK
10
100.
20
-65.
40
0.5
0
CIRCLE
8
BLACK
10
100.
20
-67.539999999999992
40
0.5
0
CIRCLE
8
BLACK
10
100.
20
-70.0799999999999983
40
0.5
0
CIRCLE
8
BLACK
10
100.
20
-72.6199999999999903
40
0.5
0
CIRCLE
8
BLACK
10
123.4008859999999999
20
-112.1899999999999977
40
0.5
0
CIRCLE
8
BLACK
10
125.6005909999999943
20
-113.4599999999999937
40
0.5
0
CIRCLE
8
BLACK
10
127.8002949999999913
20
-114.7299999999999898
40
0.5
0
CIRCLE
8
BLACK
10
130.
20
-116.
40
0.5
0
CIRCLE
8
BLACK
10
134.1738009999999974
20
-54.9440249999999963
40
0.5
0
CIRCLE
8
BLACK
10
135.1482939999999928
20
-144.1945539999999824
40
0.5
0
CIRCLE
8
BLACK
10
136.1195539999999937
20
-56.5767059999999944
40
0.5
0
CIRCLE
8
BLACK
10
137.0940479999999866
20
-142.5618739999999889
40
0.5
0
CIRCLE
8
BLACK
10
138.175596999999982
20
-81.2849849999999918
40
0.5
0
CIRCLE
8
BLACK
10
138.9930319999999995
20
-65.7848889999999926
40
0.5
0
LINE
8
BLACK
6
CONTINUOUS
10
138.1653589999999951
20
-67.1320929999999976
11
140.4634920000000022
21
-65.2037299999999931
0
ARC
8
BLACK
10
140.1420990000000018
20
-64.8207079999999962
40
0.5
50
-50.00000000
51
130.00000000
0
LINE
8
BLACK
6
CONTINUOUS
10
139.8207050000000038
20
-64.4376850000000019
11
137.5225719999999967
21
-66.3660479999999922
0
ARC
8
BLACK
10
137.8439649999999972
20
-66.7490700000000032
40
0.5
50
130.00000000
51
310.00000000
0
CIRCLE
8
BLACK
10
140.125756999999993
20
-84.0701019999999914
40
0.5
0
CIRCLE
8
BLACK
10
142.8497559999999851
20
-70.3811529999999976
40
0.5
0
LINE
8
BLACK
6
CONTINUOUS
10
142.0220829999999808
20
-71.7283570000000026
11
144.3202159999999878
21
-69.7999939999999981
0
ARC
8
BLACK
10
143.9988229999999874
20
-69.4169720000000012
40
0.5
50
-50.00000000
51
130.00000000
0
LINE
8
BLACK
6
CONTINUOUS
10
143.6774289999999894
20
-69.0339489999999927
11
141.3792959999999823
21
-70.9623119999999972
0
ARC
8
BLACK
10
141.7006889999999828
20
-71.345333999999994
40
0.5
50
130.00000000
51
310.00000000
0
CIRCLE
8
BLACK
10
144.2770129999999824
20
-64.6146189999999905
40
0.5
0
LINE
8
BLACK
6
CONTINUOUS
10
145.7849139999999863
20
-65.6338030000000003
11
143.5351569999999981
21
-62.9526469999999989
0
ARC
8
BLACK
10
143.152134999999987
20
-63.2740409999999969
40
0.5
50
40.00000000
51
220.00000000
0
LINE
8
BLACK
6
CONTINUOUS
10
142.7691120000000069
20
-63.5954349999999948
11
145.0188689999999951
21
-66.2765909999999963
0
ARC
8
BLACK
10
145.4018910000000062
20
-65.9551969999999983
40
0.5
50
220.00000000
51
400.00000000
0
LINE
8
BLACK
6
CONTINUOUS
10
53.7062779999999975
20
-67.9286910000000006
11
53.7062779999999975
21
-68.9686909999999926
0
LINE
8
BLACK
6
CONTINUOUS
10
53.1862779999999944
20
-68.4486909999999966
11
54.2262780000000006
21
-68.4486909999999966
0
LINE
8
BLACK
6
CONTINUOUS
10
55.6520310000000009
20
-69.5613709999999941
11
55.6520310000000009
21
-70.6013710000000003
0
LINE
8
BLACK
6
CONTINUOUS
10
55.1320309999999978
20
-70.0813709999999901
11
56.1720309999999969
21
-70.0813709999999901
0
LINE
8
BLACK
6
CONTINUOUS
10
57.5977839999999972
20
-71.1940519999999992
11
57.5977839999999972
21
-72.2340519999999913
0
LINE
8
BLACK
6
CONTINUOUS
10
57.0777839999999941
20
-71.7140519999999952
11
58.1177840000000003
21
-71.7140519999999952
0
LINE
8
BLACK
6
CONTINUOUS
10
59.5435370000000006
20
-72.8267319999999927
11
59.5435370000000006
21
-73.8667319999999989
0
LINE
8
BLACK
6
CONTINUOUS
10
59.0235369999999975
20
-73.3467320000000029
11
60.0635369999999966
21
-73.3467320000000029
0
LINE
8
BLACK
6
CONTINUOUS
10
61.4892899999999969
20
-74.4594129999999979
11
61.4892899999999969
21
-75.4994129999999899
0
LINE
8
BLACK
6
CONTINUOUS
10
60.9692899999999938
20
-74.9794129999999939
11
62.00929
21
-74.9794129999999939
0
LINE
8
BLACK
6
CONTINUOUS
10
63.4350430000000003
20
-76.0920929999999913
11
63.4350430000000003
21
-77.1320929999999976
0
LINE
8
BLACK
6
CONTINUOUS
10
62.9150429999999972
20
-76.6120930000000016
11
63.9550429999999963
21
-76.6120930000000016
0
LINE
8
BLACK
6
CONTINUOUS
10
63.5532539999999955
20
-56.3490940000000009
11
63.5532539999999955
21
-57.3890940000000001
0
LINE
8
BLACK
6
CONTINUOUS
10
63.0332539999999995
20
-56.8690939999999969
11
64.0732539999999915
21
-56.8690939999999969
0
LINE
8
BLACK
6
CONTINUOUS
10
65.380794999999992
20
-77.7247739999999965
11
65.380794999999992
21
-78.7647740000000027
0
LINE
8
BLACK
6
CONTINUOUS
10
64.860794999999996
20
-78.2447739999999925
11
65.9007950000000022
21
-78.2447739999999925
0
LINE
8
BLACK
6
CONTINUOUS
10
65.4990069999999918
20
-57.9817739999999944
11
65.4990069999999918
21
-59.0217740000000006
0
LINE
8
BLACK
6
CONTINUOUS
10
64.9790069999999957
20
-58.5017739999999975
11
66.019007000000002
21
-58.5017739999999975
0
LINE
8
BLACK
6
CONTINUOUS
10
67.3265480000000025
20
-79.3574539999999899
11
67.3265480000000025
21
-80.3974539999999962
0
LINE
8
BLACK
6
CONTINUOUS
10
66.8065479999999923
20
-79.8774540000000002
11
67.8465479999999985
21
-79.8774540000000002
0
LINE
8
BLACK
6
CONTINUOUS
10
67.4447600000000023
20
-59.6144549999999995
11
67.4447600000000023
21
-60.6544549999999987
0
LINE
8
BLACK
6
CONTINUOUS
10
66.924759999999992
20
-60.1344549999999956
11
67.9647599999999983
21
-60.1344549999999956
0
LINE
8
BLACK
6
CONTINUOUS
10
69.2723009999999988
20
-80.9901349999999951
11
69.2723009999999988
21
-82.0301350000000014
0
LINE
8
BLACK
6
CONTINUOUS
10
68.7523010000000028
20
-81.5101349999999911
11
69.7923009999999948
21
-81.5101349999999911
0
LINE
8
BLACK
6
CONTINUOUS
10
69.3905129999999986
20
-61.2471359999999976
11
69.3905129999999986
21
-62.2871359999999967
0
LINE
8
BLACK
6
CONTINUOUS
10
68.8705130000000025
20
-61.7671360000000007
11
69.9105129999999946
21
-61.7671360000000007
0
LINE
8
BLACK
6
CONTINUOUS
10
71.2180539999999951
20
-82.6228150000000028
11
71.2180539999999951
21
-83.6628149999999948
0
LINE
8
BLACK
6
CONTINUOUS
10
70.6980539999999991
20
-83.1428149999999988
11
71.7380539999999911
21
-83.1428149999999988
0
LINE
8
BLACK
6
CONTINUOUS
10
71.3362659999999948
20
-62.8798159999999982
11
71.3362659999999948
21
-63.9198159999999973
0
LINE
8
BLACK
6
CONTINUOUS
10
70.8162659999999988
20
-63.3998159999999942
11
71.8562659999999909
21
-63.3998159999999942
0
LINE
8
BLACK
6
CONTINUOUS
10
72.1059580000000011
20
-121.5761279999999971
11
72.1059580000000011
21
-122.6161279999999891
0
LINE
8
BLACK
6
CONTINUOUS
10
71.5859579999999909
20
-122.0961279999999931
11
72.6259579999999971
21
-122.0961279999999931
0
LINE
8
BLACK
6
CONTINUOUS
10
72.1059580000000011
20
-146.9761279999999886
11
72.1059580000000011
21
-148.0161279999999806
0
LINE
8
BLACK
6
CONTINUOUS
10
71.5859579999999909
20
-147.4961279999999988
11
72.6259579999999971
21
-147.4961279999999988
0
LINE
8
BLACK
6
CONTINUOUS
10
73.1638069999999914
20
-84.2554959999999937
11
73.1638069999999914
21
-85.295496
0
LINE
8
BLACK
6
CONTINUOUS
10
72.6438069999999954
20
-84.7754959999999897
11
73.6838070000000016
21
-84.7754959999999897
0
LINE
8
BLACK
6
CONTINUOUS
10
73.2820189999999911
20
-64.5124969999999962
11
73.2820189999999911
21
-65.5524970000000025
0
LINE
8
BLACK
6
CONTINUOUS
10
72.7620189999999951
20
-65.0324969999999922
11
73.8020190000000014
21
-65.0324969999999922
0
LINE
8
BLACK
6
CONTINUOUS
10
74.6459579999999931
20
-121.5761279999999971
11
74.6459579999999931
21
-122.6161279999999891
0
LINE
8
BLACK
6
CONTINUOUS
10
74.1259579999999971
20
-122.0961279999999931
11
75.1659580000000034
21
-122.0961279999999931
0
LINE
8
BLACK
6
CONTINUOUS
10
74.6459579999999931
20
-146.9761279999999886
11
74.6459579999999931
21
-148.0161279999999806
0
LINE
8
BLACK
6
CONTINUOUS
10
74.1259579999999971
20
-147.4961279999999988
11
75.1659580000000034
21
-147.4961279999999988
0
LINE
8
BLACK
6
CONTINUOUS
10
75.1095600000000019
20
-85.8881769999999989
11
75.1095600000000019
21
-86.9281769999999909
0
LINE
8
BLACK
6
CONTINUOUS
10
74.5895599999999916
20
-86.4081769999999949
11
75.6295599999999979
21
-86.4081769999999949
0
LINE
8
BLACK
6
CONTINUOUS
10
75.2277720000000016
20
-66.1451770000000039
11
75.2277720000000016
21
-67.1851769999999959
0
LINE
8
BLACK
6
CONTINUOUS
10
74.7077719999999914
20
-66.6651769999999999
11
75.7477719999999977
21
-66.6651769999999999
0
LINE
8
BLACK
6
CONTINUOUS
10
77.1735240000000005
20
-67.7778579999999948
11
77.1735240000000005
21
-68.8178580000000011
0
LINE
8
BLACK
6
CONTINUOUS
10
76.6535239999999902
20
-68.2978579999999909
11
77.6935239999999965
21
-68.2978579999999909
0
LINE
8
BLACK
6
CONTINUOUS
10
77.1859579999999994
20
-121.5761279999999971
11
77.1859579999999994
21
-122.6161279999999891
0
LINE
8
BLACK
6
CONTINUOUS
10
76.6659580000000034
20
-122.0961279999999931
11
77.7059579999999954
21
-122.0961279999999931
0
LINE
8
BLACK
6
CONTINUOUS
10
77.1859579999999994
20
-146.9761279999999886
11
77.1859579999999994
21
-148.0161279999999806
0
LINE
8
BLACK
6
CONTINUOUS
10
76.6659580000000034
20
-147.4961279999999988
11
77.7059579999999954
21
-147.4961279999999988
0
LINE
8
BLACK
6
CONTINUOUS
10
79.1192769999999967
20
-69.4105380000000025
11
79.1192769999999967
21
-70.4505379999999946
0
LINE
8
BLACK
6
CONTINUOUS
10
78.5992770000000007
20
-69.9305379999999985
11
79.6392769999999928
21
-69.9305379999999985
0
LINE
8
BLACK
6
CONTINUOUS
10
79.7259579999999914
20
-121.5761279999999971
11
79.7259579999999914
21
-122.6161279999999891
0
LINE
8
BLACK
6
CONTINUOUS
10
79.2059579999999954
20
-122.0961279999999931
11
80.2459580000000017
21
-122.0961279999999931
0
LINE
8
BLACK
6
CONTINUOUS
10
79.7259579999999914
20
-146.9761279999999886
11
79.7259579999999914
21
-148.0161279999999806
0
LINE
8
BLACK
6
CONTINUOUS
10
79.2059579999999954
20
-147.4961279999999988
11
80.2459580000000017
21
-147.4961279999999988
0
LINE
8
BLACK
6
CONTINUOUS
10
81.065029999999993
20
-71.0432189999999935
11
81.065029999999993
21
-72.0832189999999997
0
LINE
8
BLACK
6
CONTINUOUS
10
80.545029999999997
20
-71.5632190000000037
11
81.5850300000000033
21
-71.5632190000000037
0
LINE
8
BLACK
6
CONTINUOUS
10
82.2659579999999977
20
-121.5761279999999971
11
82.2659579999999977
21
-122.6161279999999891
0
LINE
8
BLACK
6
CONTINUOUS
10
81.7459580000000017
20
-122.0961279999999931
11
82.7859579999999937
21
-122.0961279999999931
0
LINE
8
BLACK
6
CONTINUOUS
10
82.2659579999999977
20
-146.9761279999999886
11
82.2659579999999977
21
-148.0161279999999806
0
LINE
8
BLACK
6
CONTINUOUS
10
81.7459580000000017
20
-147.4961279999999988
11
82.7859579999999937
21
-147.4961279999999988
0
LINE
8
BLACK
6
CONTINUOUS
10
83.0107829999999893
20
-72.6758990000000011
11
83.0107829999999893
21
-73.7158989999999932
0
LINE
8
BLACK
6
CONTINUOUS
10
82.4907829999999933
20
-73.1958989999999972
11
83.5307829999999996
21
-73.1958989999999972
0
LINE
8
BLACK
6
CONTINUOUS
10
84.8059579999999897
20
-121.5761279999999971
11
84.8059579999999897
21
-122.6161279999999891
0
LINE
8
BLACK
6
CONTINUOUS
10
84.2859579999999937
20
-122.0961279999999931
11
85.325958
21
-122.0961279999999931
0
LINE
8
BLACK
6
CONTINUOUS
10
84.8059579999999897
20
-146.9761279999999886
11
84.8059579999999897
21
-148.0161279999999806
0
LINE
8
BLACK
6
CONTINUOUS
10
84.2859579999999937
20
-147.4961279999999988
11
85.325958
21
-147.4961279999999988
0
LINE
8
BLACK
6
CONTINUOUS
10
84.9565359999999998
20
-74.3085799999999921
11
84.9565359999999998
21
-75.3485799999999983
0
LINE
8
BLACK
6
CONTINUOUS
10
84.4365359999999896
20
-74.8285800000000023
11
85.4765359999999959
21
-74.8285800000000023
0
LINE
8
BLACK
6
CONTINUOUS
10
87.345957999999996
20
-121.5761279999999971
11
87.345957999999996
21
-122.6161279999999891
0
LINE
8
BLACK
6
CONTINUOUS
10
86.825958
20
-122.0961279999999931
11
87.865957999999992
21
-122.0961279999999931
0
LINE
8
BLACK
6
CONTINUOUS
10
87.345957999999996
20
-146.9761279999999886
11
87.345957999999996
21
-148.0161279999999806
0
LINE
8
BLACK
6
CONTINUOUS
10
86.825958
20
-147.4961279999999988
11
87.865957999999992
21
-147.4961279999999988
0
LINE
8
BLACK
6
CONTINUOUS
10
89.8859580000000022
20
-121.5761279999999971
11
89.8859580000000022
21
-122.6161279999999891
0
LINE
8
BLACK
6
CONTINUOUS
10
89.365957999999992
20
-122.0961279999999931
11
90.4059579999999983
21
-122.0961279999999931
0
LINE
8
BLACK
6
CONTINUOUS
10
89.8859580000000022
20
-146.9761279999999886
11
89.8859580000000022
21
-148.0161279999999806
0
LINE
8
BLACK
6
CONTINUOUS
10
89.365957999999992
20
-147.4961279999999988
11
90.4059579999999983
21
-147.4961279999999988
0
LINE
8
BLACK
6
CONTINUOUS
10
92.4259579999999943
20
-121.5761279999999971
11
92.4259579999999943
21
-122.6161279999999891
0
LINE
8
BLACK
6
CONTINUOUS
10
91.9059579999999983
20
-122.0961279999999931
11
92.9459579999999903
21
-122.0961279999999931
0
LINE
8
BLACK
6
CONTINUOUS
10
92.4259579999999943
20
-146.9761279999999886
11
92.4259579999999943
21
-148.0161279999999806
0
LINE
8
BLACK
6
CONTINUOUS
10
91.9059579999999983
20
-147.4961279999999988
11
92.9459579999999903
21
-147.4961279999999988
0
LINE
8
BLACK
6
CONTINUOUS
10
94.9659580000000005
20
-121.5761279999999971
11
94.9659580000000005
21
-122.6161279999999891
0
LINE
8
BLACK
6
CONTINUOUS
10
94.4459579999999903
20
-122.0961279999999931
11
95.4859579999999966
21
-122.0961279999999931
0
LINE
8
BLACK
6
CONTINUOUS
10
94.9659580000000005
20
-146.9761279999999886
11
94.9659580000000005
21
-148.0161279999999806
0
LINE
8
BLACK
6
CONTINUOUS
10
94.4459579999999903
20
-147.4961279999999988
11
95.4859579999999966
21
-147.4961279999999988
0
LINE
8
BLACK
6
CONTINUOUS
10
97.5059579999999926
20
-121.5761279999999971
11
97.5059579999999926
21
-122.6161279999999891
0
LINE
8
BLACK
6
CONTINUOUS
10
96.9859579999999966
20
-122.0961279999999931
11
98.0259579999999886
21
-122.0961279999999931
0
LINE
8
BLACK
6
CONTINUOUS
10
97.5059579999999926
20
-146.9761279999999886
11
97.5059579999999926
21
-148.0161279999999806
0
LINE
8
BLACK
6
CONTINUOUS
10
96.9859579999999966
20
-147.4961279999999988
11
98.0259579999999886
21
-147.4961279999999988
0
LINE
8
BLACK
6
CONTINUOUS
10
100.0459579999999988
20
-121.5761279999999971
11
100.0459579999999988
21
-122.6161279999999891
0
LINE
8
BLACK
6
CONTINUOUS
10
99.5259579999999886
20
-122.0961279999999931
11
100.5659579999999949
21
-122.0961279999999931
0
LINE
8
BLACK
6
CONTINUOUS
10
100.0459579999999988
20
-146.9761279999999886
11
100.0459579999999988
21
-148.0161279999999806
0
LINE
8
BLACK
6
CONTINUOUS
10
99.5259579999999886
20
-147.4961279999999988
11
100.5659579999999949
21
-147.4961279999999988
0
LINE
8
BLACK
6
CONTINUOUS
10
102.5859579999999909
20
-121.5761279999999971
11
102.5859579999999909
21
-122.6161279999999891
0
LINE
8
BLACK
6
CONTINUOUS
10
102.0659579999999949
20
-122.0961279999999931
11
103.1059580000000011
21
-122.0961279999999931
0
LINE
8
BLACK
6
CONTINUOUS
10
102.5859579999999909
20
-146.9761279999999886
11
102.5859579999999909
21
-148.0161279999999806
0
LINE
8
BLACK
6
CONTINUOUS
10
102.0659579999999949
20
-147.4961279999999988
11
103.1059580000000011
21
-147.4961279999999988
0
LINE
8
BLACK
6
CONTINUOUS
10
105.1259579999999971
20
-121.5761279999999971
11
105.1259579999999971
21
-122.6161279999999891
0
LINE
8
BLACK
6
CONTINUOUS
10
104.6059580000000011
20
-122.0961279999999931
11
105.6459579999999931
21
-122.0961279999999931
0
LINE
8
BLACK
6
CONTINUOUS
10
105.1259579999999971
20
-146.9761279999999886
11
105.1259579999999971
21
-148.0161279999999806
0
LINE
8
BLACK
6
CONTINUOUS
10
104.6059580000000011
20
-147.4961279999999988
11
105.6459579999999931
21
-147.4961279999999988
0
LINE
8
BLACK
6
CONTINUOUS
10
107.6659579999999892
20
-121.5761279999999971
11
107.6659579999999892
21
-122.6161279999999891
0
LINE
8
BLACK
6
CONTINUOUS
10
107.1459579999999931
20
-122.0961279999999931
11
108.1859579999999994
21
-122.0961279999999931
0
LINE
8
BLACK
6
CONTINUOUS
10
107.6659579999999892
20
-146.9761279999999886
11
107.6659579999999892
21
-148.0161279999999806
0
LINE
8
BLACK
6
CONTINUOUS
10
107.1459579999999931
20
-147.4961279999999988
11
108.1859579999999994
21
-147.4961279999999988
0
LINE
8
BLACK
6
CONTINUOUS
10
110.2059579999999954
20
-121.5761279999999971
11
110.2059579999999954
21
-122.6161279999999891
0
LINE
8
BLACK
6
CONTINUOUS
10
109.6859579999999994
20
-122.0961279999999931
11
110.7259579999999914
21
-122.0961279999999931
0
LINE
8
BLACK
6
CONTINUOUS
10
110.2059579999999954
20
-146.9761279999999886
11
110.2059579999999954
21
-148.0161279999999806
0
LINE
8
BLACK
6
CONTINUOUS
10
109.6859579999999994
20
-147.4961279999999988
11
110.7259579999999914
21
-147.4961279999999988
0
LINE
8
BLACK
6
CONTINUOUS
10
112.7459580000000017
20
-121.5761279999999971
11
112.7459580000000017
21
-122.6161279999999891
0
LINE
8
BLACK
6
CONTINUOUS
10
112.2259579999999914
20
-122.0961279999999931
11
113.2659579999999977
21
-122.0961279999999931
0
LINE
8
BLACK
6
CONTINUOUS
10
112.7459580000000017
20
-146.9761279999999886
11
112.7459580000000017
21
-148.0161279999999806
0
LINE
8
BLACK
6
CONTINUOUS
10
112.2259579999999914
20
-147.4961279999999988
11
113.2659579999999977
21
-147.4961279999999988
0
LINE
8
BLACK
6
CONTINUOUS
10
115.2859579999999937
20
-121.5761279999999971
11
115.2859579999999937
21
-122.6161279999999891
0
LINE
8
BLACK
6
CONTINUOUS
10
114.7659579999999977
20
-122.0961279999999931
11
115.8059579999999897
21
-122.0961279999999931
0
LINE
8
BLACK
6
CONTINUOUS
10
115.2859579999999937
20
-146.9761279999999886
11
115.2859579999999937
21
-148.0161279999999806
0
LINE
8
BLACK
6
CONTINUOUS
10
114.7659579999999977
20
-147.4961279999999988
11
115.8059579999999897
21
-147.4961279999999988
0
LINE
8
BLACK
6
CONTINUOUS
10
117.825958
20
-121.5761279999999971
11
117.825958
21
-122.6161279999999891
0
LINE
8
BLACK
6
CONTINUOUS
10
117.3059579999999897
20
-122.0961279999999931
11
118.345957999999996
21
-122.0961279999999931
0
LINE
8
BLACK
6
CONTINUOUS
10
117.825958
20
-146.9761279999999886
11
117.825958
21
-148.0161279999999806
0
LINE
8
BLACK
6
CONTINUOUS
10
117.3059579999999897
20
-147.4961279999999988
11
118.345957999999996
21
-147.4961279999999988
0
LINE
8
BLACK
6
CONTINUOUS
10
61.7978789999999947
20
-107.009878999999998
11
61.7978789999999947
21
-106.0199209999999965
0
LINE
8
BLACK
6
CONTINUOUS
10
61.7978789999999947
20
-106.0199209999999965
11
60.8079210000000003
21
-106.0199209999999965
0
LINE
8
BLACK
6
CONTINUOUS
10
60.8079210000000003
20
-106.0199209999999965
11
60.8079210000000003
21
-107.009878999999998
0
LINE
8
BLACK
6
CONTINUOUS
10
60.8079210000000003
20
-107.009878999999998
11
61.7978789999999947
21
-107.009878999999998
0
LINE
8
BLACK
6
CONTINUOUS
10
68.4949790000000007
20
-103.4949790000000007
11
68.4949790000000007
21
-102.5050209999999993
0
LINE
8
BLACK
6
CONTINUOUS
10
68.4949790000000007
20
-102.5050209999999993
11
67.5050209999999993
21
-102.5050209999999993
0
LINE
8
BLACK
6
CONTINUOUS
10
67.5050209999999993
20
-102.5050209999999993
11
67.5050209999999993
21
-103.4949790000000007
0
LINE
8
BLACK
6
CONTINUOUS
10
67.5050209999999993
20
-103.4949790000000007
11
68.4949790000000007
21
-103.4949790000000007
0
LINE
8
BLACK
6
CONTINUOUS
10
93.4949790000000007
20
-67.9949790000000007
11
93.4949790000000007
21
-67.0050209999999993
0
LINE
8
BLACK
6
CONTINUOUS
10
93.4949790000000007
20
-67.0050209999999993
11
92.5050209999999993
21
-67.0050209999999993
0
LINE
8
BLACK
6
CONTINUOUS
10
92.5050209999999993
20
-67.0050209999999993
11
92.5050209999999993
21
-67.9949790000000007
0
LINE
8
BLACK
6
CONTINUOUS
10
92.5050209999999993
20
-67.9949790000000007
11
93.4949790000000007
21
-67.9949790000000007
0
LINE
8
BLACK
6
CONTINUOUS
10
100.2949789999999979
20
-155.6949789999999894
11
100.2949789999999979
21
-154.7050209999999879
0
LINE
8
BLACK
6
CONTINUOUS
10
100.2949789999999979
20
-154.7050209999999879
11
99.3050209999999964
21
-154.7050209999999879
0
LINE
8
BLACK
6
CONTINUOUS
10
99.3050209999999964
20
-154.7050209999999879
11
99.3050209999999964
21
-155.6949789999999894
0
LINE
8
BLACK
6
CONTINUOUS
10
99.3050209999999964
20
-155.6949789999999894
11
100.2949789999999979
21
-155.6949789999999894
0
LINE
8
BLACK
6
CONTINUOUS
10
106.6949789999999894
20
-155.594978999999995
11
106.6949789999999894
21
-154.6050209999999936
0
LINE
8
BLACK
6
CONTINUOUS
10
106.6949789999999894
20
-154.6050209999999936
11
105.7050210000000021
21
-154.6050209999999936
0
LINE
8
BLACK
6
CONTINUOUS
10
105.7050210000000021
20
-154.6050209999999936
11
105.7050210000000021
21
-155.594978999999995
0
LINE
8
BLACK
6
CONTINUOUS
10
105.7050210000000021
20
-155.594978999999995
11
106.6949789999999894
21
-155.594978999999995
0
LINE
8
BLACK
6
CONTINUOUS
10
113.094978999999995
20
-155.2969789999999932
11
113.094978999999995
21
-154.3070209999999918
0
LINE
8
BLACK
6
CONTINUOUS
10
113.094978999999995
20
-154.3070209999999918
11
112.1050209999999936
21
-154.3070209999999918
0
LINE
8
BLACK
6
CONTINUOUS
10
112.1050209999999936
20
-154.3070209999999918
11
112.1050209999999936
21
-155.2969789999999932
0
LINE
8
BLACK
6
CONTINUOUS
10
112.1050209999999936
20
-155.2969789999999932
11
113.094978999999995
21
-155.2969789999999932
0
LINE
8
BLACK
6
CONTINUOUS
10
119.2949789999999979
20
-153.4949790000000007
11
119.2949789999999979
21
-152.5050209999999993
0
LINE
8
BLACK
6
CONTINUOUS
10
119.2949789999999979
20
-152.5050209999999993
11
118.3050209999999964
21
-152.5050209999999993
0
LINE
8
BLACK
6
CONTINUOUS
10
118.3050209999999964
20
-152.5050209999999993
11
118.3050209999999964
21
-153.4949790000000007
0
LINE
8
BLACK
6
CONTINUOUS
10
118.3050209999999964
20
-153.4949790000000007
11
119.2949789999999979
21
-153.4949790000000007
0
LINE
8
BLACK
6
CONTINUOUS
10
151.4949790000000007
20
-119.4949790000000007
11
151.4949790000000007
21
-118.5050209999999993
0
LINE
8
BLACK
6
CONTINUOUS
10
151.4949790000000007
20
-118.5050209999999993
11
150.5050209999999993
21
-118.5050209999999993
0
LINE
8
BLACK
6
CONTINUOUS
10
150.5050209999999993
20
-118.5050209999999993
11
150.5050209999999993
21
-119.4949790000000007
0
LINE
8
BLACK
6
CONTINUOUS
10
150.5050209999999993
20
-119.4949790000000007
11
151.4949790000000007
21
-119.4949790000000007
0
LINE
8
BLACK
6
CONTINUOUS
10
153.9956860000000063
20
-112.9956859999999921
11
153.9956860000000063
21
-112.0057279999999906
0
LINE
8
BLACK
6
CONTINUOUS
10
153.9956860000000063
20
-112.0057279999999906
11
153.0057280000000048
21
-112.0057279999999906
0
LINE
8
BLACK
6
CONTINUOUS
10
153.0057280000000048
20
-112.0057279999999906
11
153.0057280000000048
21
-112.9956859999999921
0
LINE
8
BLACK
6
CONTINUOUS
10
153.0057280000000048
20
-112.9956859999999921
11
153.9956860000000063
21
-112.9956859999999921
0
LINE
8
BLACK
6
CONTINUOUS
10
80.0147169999999903
20
-50.9271109999999965
11
80.7647169999999903
21
-50.1771109999999965
0
LINE
8
BLACK
6
CONTINUOUS
10
80.7647169999999903
20
-50.1771109999999965
11
80.0147169999999903
21
-49.4271109999999965
0
LINE
8
BLACK
6
CONTINUOUS
10
80.0147169999999903
20
-49.4271109999999965
11
79.2647169999999903
21
-50.1771109999999965
0
LINE
8
BLACK
6
CONTINUOUS
10
79.2647169999999903
20
-50.1771109999999965
11
80.0147169999999903
21
-50.9271109999999965
0
LINE
8
BLACK
6
CONTINUOUS
10
80.7032469999999904
20
-58.7970489999999941
11
81.4532469999999904
21
-58.0470489999999941
0
LINE
8
BLACK
6
CONTINUOUS
10
81.4532469999999904
20
-58.0470489999999941
11
80.7032469999999904
21
-57.2970489999999941
0
LINE
8
BLACK
6
CONTINUOUS
10
80.7032469999999904
20
-57.2970489999999941
11
79.9532469999999904
21
-58.0470489999999941
0
LINE
8
BLACK
6
CONTINUOUS
10
79.9532469999999904
20
-58.0470489999999941
11
80.7032469999999904
21
-58.7970489999999941
0
LINE
8
BLACK
6
CONTINUOUS
10
107.7643209999999954
20
-72.0773599999999988
11
108.5143209999999954
21
-71.3273599999999988
0
LINE
8
BLACK
6
CONTINUOUS
10
108.5143209999999954
20
-71.3273599999999988
11
107.7643209999999954
21
-70.5773599999999988
0
LINE
8
BLACK
6
CONTINUOUS
10
107.7643209999999954
20
-70.5773599999999988
11
107.0143209999999954
21
-71.3273599999999988
0
LINE
8
BLACK
6
CONTINUOUS
10
107.0143209999999954
20
-71.3273599999999988
11
107.7643209999999954
21
-72.0773599999999988
0
LINE
8
BLACK
6
CONTINUOUS
10
111.5852829999999898
20
-56.0952209999999951
11
112.3352829999999898
21
-55.3452209999999951
0
LINE
8
BLACK
6
CONTINUOUS
10
112.3352829999999898
20
-55.3452209999999951
11
111.5852829999999898
21
-54.5952209999999951
0
LINE
8
BLACK
6
CONTINUOUS
10
111.5852829999999898
20
-54.5952209999999951
11
110.8352829999999898
21
-55.3452209999999951
0
LINE
8
BLACK
6
CONTINUOUS
10
110.8352829999999898
20
-55.3452209999999951
11
111.5852829999999898
21
-56.0952209999999951
0
LINE
8
BLACK
6
CONTINUOUS
10
115.9967989999999958
20
-66.3129169999999988
11
116.7467989999999958
21
-65.5629169999999988
0
LINE
8
BLACK
6
CONTINUOUS
10
116.7467989999999958
20
-65.5629169999999988
11
115.9967989999999958
21
-64.8129169999999988
0
LINE
8
BLACK
6
CONTINUOUS
10
115.9967989999999958
20
-64.8129169999999988
11
115.2467989999999958
21
-65.5629169999999988
0
LINE
8
BLACK
6
CONTINUOUS
10
115.2467989999999958
20
-65.5629169999999988
11
115.9967989999999958
21
-66.3129169999999988
0
LINE
8
BLACK
6
CONTINUOUS
10
136.254115999999982
20
-79.2908259999999956
11
137.004115999999982
21
-78.5408259999999956
0
LINE
8
BLACK
6
CONTINUOUS
10
137.004115999999982
20
-78.5408259999999956
11
136.254115999999982
21
-77.7908259999999956
0
LINE
8
BLACK
6
CONTINUOUS
10
136.254115999999982
20
-77.7908259999999956
11
135.504115999999982
21
-78.5408259999999956
0
LINE
8
BLACK
6
CONTINUOUS
10
135.504115999999982
20
-78.5408259999999956
11
136.254115999999982
21
-79.2908259999999956
0
LINE
8
BLACK
6
CONTINUOUS
10
138.9832789999999818
20
-116.7498250000000013
11
139.7332789999999818
21
-115.9998250000000013
0
LINE
8
BLACK
6
CONTINUOUS
10
139.7332789999999818
20
-115.9998250000000013
11
138.9832789999999818
21
-115.2498250000000013
0
LINE
8
BLACK
6
CONTINUOUS
10
138.9832789999999818
20
-115.2498250000000013
11
138.2332789999999818
21
-115.9998250000000013
0
LINE
8
BLACK
6
CONTINUOUS
10
138.2332789999999818
20
-115.9998250000000013
11
138.9832789999999818
21
-116.7498250000000013
0
LINE
8
BLACK
6
CONTINUOUS
10
142.2766689999999983
20
-87.8919219999999939
11
143.0266689999999983
21
-87.1419219999999939
0
LINE
8
BLACK
6
CONTINUOUS
10
143.0266689999999983
20
-87.1419219999999939
11
142.2766689999999983
21
-86.3919219999999939
0
LINE
8
BLACK
6
CONTINUOUS
10
142.2766689999999983
20
-86.3919219999999939
11
141.5266689999999983
21
-87.1419219999999939
0
LINE
8
BLACK
6
CONTINUOUS
10
141.5266689999999983
20
-87.1419219999999939
11
142.2766689999999983
21
-87.8919219999999939
0
LINE
8
BLACK
6
CONTINUOUS
10
154.4652529999999899
20
-105.9092309999999912
11
155.2152529999999899
21
-105.1592309999999912
0
LINE
8
BLACK
6
CONTINUOUS
10
155.2152529999999899
20
-105.1592309999999912
11
154.4652529999999899
21
-104.4092309999999912
0
LINE
8
BLACK
6
CONTINUOUS
10
154.4652529999999899
20
-104.4092309999999912
11
153.7152529999999899
21
-105.1592309999999912
0
LINE
8
BLACK
6
CONTINUOUS
10
153.7152529999999899
20
-105.1592309999999912
11
154.4652529999999899
21
-105.9092309999999912
0
LINE
8
BLACK
6
CONTINUOUS
10
42.5077679999999987
20
-163.2148379999999861
11
42.5077679999999987
21
-161.2148379999999861
0
LINE
8
BLACK
6
CONTINUOUS
10
42.5077679999999987
20
-161.2148379999999861
11
42.9839580000000012
21
-161.2148379999999861
0
LINE
8
BLACK
6
CONTINUOUS
10
42.9839580000000012
20
-161.2148379999999861
11
43.2696729999999974
21
-161.3100759999999809
0
LINE
8
BLACK
6
CONTINUOUS
10
43.2696729999999974
20
-161.3100759999999809
11
43.4601490000000013
21
-161.500551999999999
0
LINE
8
BLACK
6
CONTINUOUS
10
43.4601490000000013
20
-161.500551999999999
11
43.5553869999999961
21
-161.6910279999999887
0
LINE
8
BLACK
6
CONTINUOUS
10
43.5553869999999961
20
-161.6910279999999887
11
43.650624999999998
21
-162.0719799999999964
0
LINE
8
BLACK
6
CONTINUOUS
10
43.650624999999998
20
-162.0719799999999964
11
43.650624999999998
21
-162.3576950000000068
0
LINE
8
BLACK
6
CONTINUOUS
10
43.650624999999998
20
-162.3576950000000068
11
43.5553869999999961
21
-162.7386469999999861
0
LINE
8
BLACK
6
CONTINUOUS
10
43.5553869999999961
20
-162.7386469999999861
11
43.4601490000000013
21
-162.9291230000000041
0
LINE
8
BLACK
6
CONTINUOUS
10
43.4601490000000013
20
-162.9291230000000041
11
43.2696729999999974
21
-163.1195999999999913
0
LINE
8
BLACK
6
CONTINUOUS
10
43.2696729999999974
20
-163.1195999999999913
11
42.9839580000000012
21
-163.2148379999999861
0
LINE
8
BLACK
6
CONTINUOUS
10
42.9839580000000012
20
-163.2148379999999861
11
42.5077679999999987
21
-163.2148379999999861
0
LINE
8
BLACK
6
CONTINUOUS
10
44.5077679999999987
20
-163.2148379999999861
11
44.5077679999999987
21
-161.8815040000000067
0
LINE
8
BLACK
6
CONTINUOUS
10
44.5077679999999987
20
-162.2624569999999835
11
44.6030060000000006
21
-162.0719799999999964
0
LINE
8
BLACK
6
CONTINUOUS
10
44.6030060000000006
20
-162.0719799999999964
11
44.6982439999999954
21
-161.9767420000000016
0
LINE
8
BLACK
6
CONTINUOUS
10
44.6982439999999954
20
-161.9767420000000016
11
44.8887199999999993
21
-161.8815040000000067
0
LINE
8
BLACK
6
CONTINUOUS
10
44.8887199999999993
20
-161.8815040000000067
11
45.0791970000000006
21
-161.8815040000000067
0
LINE
8
BLACK
6
CONTINUOUS
10
45.7458629999999999
20
-163.2148379999999861
11
45.7458629999999999
21
-161.8815040000000067
0
LINE
8
BLACK
6
CONTINUOUS
10
45.7458629999999999
20
-161.2148379999999861
11
45.650624999999998
21
-161.3100759999999809
0
LINE
8
BLACK
6
CONTINUOUS
10
45.650624999999998
20
-161.3100759999999809
11
45.7458629999999999
21
-161.4053140000000042
0
LINE
8
BLACK
6
CONTINUOUS
10
45.7458629999999999
20
-161.4053140000000042
11
45.8411009999999948
21
-161.3100759999999809
0
LINE
8
BLACK
6
CONTINUOUS
10
45.8411009999999948
20
-161.3100759999999809
11
45.7458629999999999
21
-161.2148379999999861
0
LINE
8
BLACK
6
CONTINUOUS
10
45.7458629999999999
20
-161.2148379999999861
11
45.7458629999999999
21
-161.4053140000000042
0
LINE
8
BLACK
6
CONTINUOUS
10
46.9839580000000012
20
-163.2148379999999861
11
46.7934819999999974
21
-163.1195999999999913
0
LINE
8
BLACK
6
CONTINUOUS
10
46.7934819999999974
20
-163.1195999999999913
11
46.6982439999999954
21
-162.9291230000000041
0
LINE
8
BLACK
6
CONTINUOUS
10
46.6982439999999954
20
-162.9291230000000041
11
46.6982439999999954
21
-161.2148379999999861
0
LINE
8
BLACK
6
CONTINUOUS
10
48.0315769999999986
20
-163.2148379999999861
11
47.8411009999999948
21
-163.1195999999999913
0
LINE
8
BLACK
6
CONTINUOUS
10
47.8411009999999948
20
-163.1195999999999913
11
47.7458629999999999
21
-162.9291230000000041
0
LINE
8
BLACK
6
CONTINUOUS
10
47.7458629999999999
20
-162.9291230000000041
11
47.7458629999999999
21
-161.2148379999999861
0
LINE
8
BLACK
6
CONTINUOUS
10
50.3172919999999948
20
-163.2148379999999861
11
50.3172919999999948
21
-161.2148379999999861
0
LINE
8
BLACK
6
CONTINUOUS
10
50.3172919999999948
20
-161.2148379999999861
11
50.9839589999999987
21
-162.6434089999999912
0
LINE
8
BLACK
6
CONTINUOUS
10
50.9839589999999987
20
-162.6434089999999912
11
51.650624999999998
21
-161.2148379999999861
0
LINE
8
BLACK
6
CONTINUOUS
10
51.650624999999998
20
-161.2148379999999861
11
51.650624999999998
21
-163.2148379999999861
0
LINE
8
BLACK
6
CONTINUOUS
10
53.4601489999999941
20
-163.2148379999999861
11
53.4601489999999941
21
-162.1672189999999887
0
LINE
8
BLACK
6
CONTINUOUS
10
53.4601489999999941
20
-162.1672189999999887
11
53.3649109999999993
21
-161.9767420000000016
0
LINE
8
BLACK
6
CONTINUOUS
10
53.3649109999999993
20
-161.9767420000000016
11
53.1744349999999955
21
-161.8815040000000067
0
LINE
8
BLACK
6
CONTINUOUS
10
53.1744349999999955
20
-161.8815040000000067
11
52.7934819999999974
21
-161.8815040000000067
0
LINE
8
BLACK
6
CONTINUOUS
10
52.7934819999999974
20
-161.8815040000000067
11
52.6030060000000006
21
-161.9767420000000016
0
LINE
8
BLACK
6
CONTINUOUS
10
53.4601489999999941
20
-163.1195999999999913
11
53.2696729999999974
21
-163.2148379999999861
0
LINE
8
BLACK
6
CONTINUOUS
10
53.2696729999999974
20
-163.2148379999999861
11
52.7934819999999974
21
-163.2148379999999861
0
LINE
8
BLACK
6
CONTINUOUS
10
52.7934819999999974
20
-163.2148379999999861
11
52.6030060000000006
21
-163.1195999999999913
0
LINE
8
BLACK
6
CONTINUOUS
10
52.6030060000000006
20
-163.1195999999999913
11
52.5077679999999987
21
-162.9291230000000041
0
LINE
8
BLACK
6
CONTINUOUS
10
52.5077679999999987
20
-162.9291230000000041
11
52.5077679999999987
21
-162.7386469999999861
0
LINE
8
BLACK
6
CONTINUOUS
10
52.5077679999999987
20
-162.7386469999999861
11
52.6030060000000006
21
-162.5481709999999964
0
LINE
8
BLACK
6
CONTINUOUS
10
52.6030060000000006
20
-162.5481709999999964
11
52.7934819999999974
21
-162.4529330000000016
0
LINE
8
BLACK
6
CONTINUOUS
10
52.7934819999999974
20
-162.4529330000000016
11
53.2696729999999974
21
-162.4529330000000016
0
LINE
8
BLACK
6
CONTINUOUS
10
53.2696729999999974
20
-162.4529330000000016
11
53.4601489999999941
21
-162.3576950000000068
0
LINE
8
BLACK
6
CONTINUOUS
10
54.4125299999999967
20
-161.8815040000000067
11
54.4125299999999967
21
-163.8815040000000067
0
LINE
8
BLACK
6
CONTINUOUS
10
54.4125299999999967
20
-161.9767420000000016
11
54.6030060000000006
21
-161.8815040000000067
0
LINE
8
BLACK
6
CONTINUOUS
10
54.6030060000000006
20
-161.8815040000000067
11
54.9839589999999987
21
-161.8815040000000067
0
LINE
8
BLACK
6
CONTINUOUS
10
54.9839589999999987
20
-161.8815040000000067
11
55.1744349999999955
21
-161.9767420000000016
0
LINE
8
BLACK
6
CONTINUOUS
10
55.1744349999999955
20
-161.9767420000000016
11
55.2696729999999974
21
-162.0719799999999964
0
LINE
8
BLACK
6
CONTINUOUS
10
55.2696729999999974
20
-162.0719799999999964
11
55.3649109999999993
21
-162.2624569999999835
0
LINE
8
BLACK
6
CONTINUOUS
10
55.3649109999999993
20
-162.2624569999999835
11
55.3649109999999993
21
-162.8338849999999809
0
LINE
8
BLACK
6
CONTINUOUS
10
55.3649109999999993
20
-162.8338849999999809
11
55.2696729999999974
21
-163.024360999999999
0
LINE
8
BLACK
6
CONTINUOUS
10
55.2696729999999974
20
-163.024360999999999
11
55.1744349999999955
21
-163.1195999999999913
0
LINE
8
BLACK
6
CONTINUOUS
10
55.1744349999999955
20
-163.1195999999999913
11
54.9839589999999987
21
-163.2148379999999861
0
LINE
8
BLACK
6
CONTINUOUS
10
54.9839589999999987
20
-163.2148379999999861
11
54.6030060000000006
21
-163.2148379999999861
0
LINE
8
BLACK
6
CONTINUOUS
10
54.6030060000000006
20
-163.2148379999999861
11
54.4125299999999967
21
-163.1195999999999913
0
LINE
8
BLACK
6
CONTINUOUS
10
56.222054
20
-163.024360999999999
11
56.3172919999999948
21
-163.1195999999999913
0
LINE
8
BLACK
6
CONTINUOUS
10
56.3172919999999948
20
-163.1195999999999913
11
56.222054
21
-163.2148379999999861
0
LINE
8
BLACK
6
CONTINUOUS
10
56.222054
20
-163.2148379999999861
11
56.126815999999998
21
-163.1195999999999913
0
LINE
8
BLACK
6
CONTINUOUS
10
56.126815999999998
20
-163.1195999999999913
11
56.222054
21
-163.024360999999999
0
LINE
8
BLACK
6
CONTINUOUS
10
56.222054
20
-163.024360999999999
11
56.222054
21
-163.2148379999999861
0
LINE
8
BLACK
6
CONTINUOUS
10
56.222054
20
-161.9767420000000016
11
56.3172919999999948
21
-162.0719799999999964
0
LINE
8
BLACK
6
CONTINUOUS
10
56.3172919999999948
20
-162.0719799999999964
11
56.222054
21
-162.1672189999999887
0
LINE
8
BLACK
6
CONTINUOUS
10
56.222054
20
-162.1672189999999887
11
56.126815999999998
21
-162.0719799999999964
0
LINE
8
BLACK
6
CONTINUOUS
10
56.126815999999998
20
-162.0719799999999964
11
56.222054
21
-161.9767420000000016
0
LINE
8
BLACK
6
CONTINUOUS
10
56.222054
20
-161.9767420000000016
11
56.222054
21
-162.1672189999999887
0
LINE
8
BLACK
6
CONTINUOUS
10
39.6000000000000014
20
-166.3499999999999943
11
39.8999999999999986
21
-166.6500000000000057
0
LINE
8
BLACK
6
CONTINUOUS
10
39.8999999999999986
20
-166.3499999999999943
11
39.6000000000000014
21
-166.6500000000000057
0
LINE
8
BLACK
6
CONTINUOUS
10
42.8887199999999993
20
-165.4148380000000031
11
43.0791970000000006
21
-165.4148380000000031
0
LINE
8
BLACK
6
CONTINUOUS
10
43.0791970000000006
20
-165.4148380000000031
11
43.2696729999999974
21
-165.510075999999998
0
LINE
8
BLACK
6
CONTINUOUS
10
43.2696729999999974
20
-165.510075999999998
11
43.3649109999999993
21
-165.6053139999999928
0
LINE
8
BLACK
6
CONTINUOUS
10
43.3649109999999993
20
-165.6053139999999928
11
43.4601490000000013
21
-165.7957899999999825
0
LINE
8
BLACK
6
CONTINUOUS
10
43.4601490000000013
20
-165.7957899999999825
11
43.5553869999999961
21
-166.1767419999999902
0
LINE
8
BLACK
6
CONTINUOUS
10
43.5553869999999961
20
-166.1767419999999902
11
43.5553869999999961
21
-166.6529329999999902
0
LINE
8
BLACK
6
CONTINUOUS
10
43.5553869999999961
20
-166.6529329999999902
11
43.4601490000000013
21
-167.0338849999999979
0
LINE
8
BLACK
6
CONTINUOUS
10
43.4601490000000013
20
-167.0338849999999979
11
43.3649109999999993
21
-167.2243609999999876
0
LINE
8
BLACK
6
CONTINUOUS
10
43.3649109999999993
20
-167.2243609999999876
11
43.2696729999999974
21
-167.3195999999999799
0
LINE
8
BLACK
6
CONTINUOUS
10
43.2696729999999974
20
-167.3195999999999799
11
43.0791970000000006
21
-167.4148380000000031
0
LINE
8
BLACK
6
CONTINUOUS
10
43.0791970000000006
20
-167.4148380000000031
11
42.8887199999999993
21
-167.4148380000000031
0
LINE
8
BLACK
6
CONTINUOUS
10
42.8887199999999993
20
-167.4148380000000031
11
42.6982439999999954
21
-167.3195999999999799
0
LINE
8
BLACK
6
CONTINUOUS
10
42.6982439999999954
20
-167.3195999999999799
11
42.6030060000000006
21
-167.2243609999999876
0
LINE
8
BLACK
6
CONTINUOUS
10
42.6030060000000006
20
-167.2243609999999876
11
42.5077679999999987
21
-167.0338849999999979
0
LINE
8
BLACK
6
CONTINUOUS
10
42.5077679999999987
20
-167.0338849999999979
11
42.4125299999999967
21
-166.6529329999999902
0
LINE
8
BLACK
6
CONTINUOUS
10
42.4125299999999967
20
-166.6529329999999902
11
42.4125299999999967
21
-166.1767419999999902
0
LINE
8
BLACK
6
CONTINUOUS
10
42.4125299999999967
20
-166.1767419999999902
11
42.5077679999999987
21
-165.7957899999999825
0
LINE
8
BLACK
6
CONTINUOUS
10
42.5077679999999987
20
-165.7957899999999825
11
42.6030060000000006
21
-165.6053139999999928
0
LINE
8
BLACK
6
CONTINUOUS
10
42.6030060000000006
20
-165.6053139999999928
11
42.6982439999999954
21
-165.510075999999998
0
LINE
8
BLACK
6
CONTINUOUS
10
42.6982439999999954
20
-165.510075999999998
11
42.8887199999999993
21
-165.4148380000000031
0
LINE
8
BLACK
6
CONTINUOUS
10
44.4125299999999967
20
-167.2243609999999876
11
44.5077679999999987
21
-167.3195999999999799
0
LINE
8
BLACK
6
CONTINUOUS
10
44.5077679999999987
20
-167.3195999999999799
11
44.4125299999999967
21
-167.4148380000000031
0
LINE
8
BLACK
6
CONTINUOUS
10
44.4125299999999967
20
-167.4148380000000031
11
44.3172919999999948
21
-167.3195999999999799
0
LINE
8
BLACK
6
CONTINUOUS
10
44.3172919999999948
20
-167.3195999999999799
11
44.4125299999999967
21
-167.2243609999999876
0
LINE
8
BLACK
6
CONTINUOUS
10
44.4125299999999967
20
-167.2243609999999876
11
44.4125299999999967
21
-167.4148380000000031
0
LINE
8
BLACK
6
CONTINUOUS
10
45.1744349999999955
20
-165.4148380000000031
11
46.4125299999999967
21
-165.4148380000000031
0
LINE
8
BLACK
6
CONTINUOUS
10
46.4125299999999967
20
-165.4148380000000031
11
45.7458629999999999
21
-166.1767419999999902
0
LINE
8
BLACK
6
CONTINUOUS
10
45.7458629999999999
20
-166.1767419999999902
11
46.0315779999999961
21
-166.1767419999999902
0
LINE
8
BLACK
6
CONTINUOUS
10
46.0315779999999961
20
-166.1767419999999902
11
46.222054
21
-166.271979999999985
0
LINE
8
BLACK
6
CONTINUOUS
10
46.222054
20
-166.271979999999985
11
46.3172919999999948
21
-166.3672190000000057
0
LINE
8
BLACK
6
CONTINUOUS
10
46.3172919999999948
20
-166.3672190000000057
11
46.4125299999999967
21
-166.5576949999999954
0
LINE
8
BLACK
6
CONTINUOUS
10
46.4125299999999967
20
-166.5576949999999954
11
46.4125299999999967
21
-167.0338849999999979
0
LINE
8
BLACK
6
CONTINUOUS
10
46.4125299999999967
20
-167.0338849999999979
11
46.3172919999999948
21
-167.2243609999999876
0
LINE
8
BLACK
6
CONTINUOUS
10
46.3172919999999948
20
-167.2243609999999876
11
46.222054
21
-167.3195999999999799
0
LINE
8
BLACK
6
CONTINUOUS
10
46.222054
20
-167.3195999999999799
11
46.0315779999999961
21
-167.4148380000000031
0
LINE
8
BLACK
6
CONTINUOUS
10
46.0315779999999961
20
-167.4148380000000031
11
45.4601490000000013
21
-167.4148380000000031
0
LINE
8
BLACK
6
CONTINUOUS
10
45.4601490000000013
20
-167.4148380000000031
11
45.2696729999999974
21
-167.3195999999999799
0
LINE
8
BLACK
6
CONTINUOUS
10
45.2696729999999974
20
-167.3195999999999799
11
45.1744349999999955
21
-167.2243609999999876
0
LINE
8
BLACK
6
CONTINUOUS
10
47.650624999999998
20
-165.4148380000000031
11
47.8411019999999994
21
-165.4148380000000031
0
LINE
8
BLACK
6
CONTINUOUS
10
47.8411019999999994
20
-165.4148380000000031
11
48.0315779999999961
21
-165.510075999999998
0
LINE
8
BLACK
6
CONTINUOUS
10
48.0315779999999961
20
-165.510075999999998
11
48.126815999999998
21
-165.6053139999999928
0
LINE
8
BLACK
6
CONTINUOUS
10
48.126815999999998
20
-165.6053139999999928
11
48.222054
21
-165.7957899999999825
0
LINE
8
BLACK
6
CONTINUOUS
10
48.222054
20
-165.7957899999999825
11
48.3172919999999948
21
-166.1767419999999902
0
LINE
8
BLACK
6
CONTINUOUS
10
48.3172919999999948
20
-166.1767419999999902
11
48.3172919999999948
21
-166.6529329999999902
0
LINE
8
BLACK
6
CONTINUOUS
10
48.3172919999999948
20
-166.6529329999999902
11
48.222054
21
-167.0338849999999979
0
LINE
8
BLACK
6
CONTINUOUS
10
48.222054
20
-167.0338849999999979
11
48.126815999999998
21
-167.2243609999999876
0
LINE
8
BLACK
6
CONTINUOUS
10
48.126815999999998
20
-167.2243609999999876
11
48.0315779999999961
21
-167.3195999999999799
0
LINE
8
BLACK
6
CONTINUOUS
10
48.0315779999999961
20
-167.3195999999999799
11
47.8411019999999994
21
-167.4148380000000031
0
LINE
8
BLACK
6
CONTINUOUS
10
47.8411019999999994
20
-167.4148380000000031
11
47.650624999999998
21
-167.4148380000000031
0
LINE
8
BLACK
6
CONTINUOUS
10
47.650624999999998
20
-167.4148380000000031
11
47.4601490000000013
21
-167.3195999999999799
0
LINE
8
BLACK
6
CONTINUOUS
10
47.4601490000000013
20
-167.3195999999999799
11
47.3649109999999993
21
-167.2243609999999876
0
LINE
8
BLACK
6
CONTINUOUS
10
47.3649109999999993
20
-167.2243609999999876
11
47.2696729999999974
21
-167.0338849999999979
0
LINE
8
BLACK
6
CONTINUOUS
10
47.2696729999999974
20
-167.0338849999999979
11
47.1744349999999955
21
-166.6529329999999902
0
LINE
8
BLACK
6
CONTINUOUS
10
47.1744349999999955
20
-166.6529329999999902
11
47.1744349999999955
21
-166.1767419999999902
0
LINE
8
BLACK
6
CONTINUOUS
10
47.1744349999999955
20
-166.1767419999999902
11
47.2696729999999974
21
-165.7957899999999825
0
LINE
8
BLACK
6
CONTINUOUS
10
47.2696729999999974
20
-165.7957899999999825
11
47.3649109999999993
21
-165.6053139999999928
0
LINE
8
BLACK
6
CONTINUOUS
10
47.3649109999999993
20
-165.6053139999999928
11
47.4601490000000013
21
-165.510075999999998
0
LINE
8
BLACK
6
CONTINUOUS
10
47.4601490000000013
20
-165.510075999999998
11
47.650624999999998
21
-165.4148380000000031
0
LINE
8
BLACK
6
CONTINUOUS
10
49.5553869999999961
20
-165.4148380000000031
11
49.7458639999999974
21
-165.4148380000000031
0
LINE
8
BLACK
6
CONTINUOUS
10
49.7458639999999974
20
-165.4148380000000031
11
49.9363400000000013
21
-165.510075999999998
0
LINE
8
BLACK
6
CONTINUOUS
10
49.9363400000000013
20
-165.510075999999998
11
50.0315779999999961
21
-165.6053139999999928
0
LINE
8
BLACK
6
CONTINUOUS
10
50.0315779999999961
20
-165.6053139999999928
11
50.126815999999998
21
-165.7957899999999825
0
LINE
8
BLACK
6
CONTINUOUS
10
50.126815999999998
20
-165.7957899999999825
11
50.222054
21
-166.1767419999999902
0
LINE
8
BLACK
6
CONTINUOUS
10
50.222054
20
-166.1767419999999902
11
50.222054
21
-166.6529329999999902
0
LINE
8
BLACK
6
CONTINUOUS
10
50.222054
20
-166.6529329999999902
11
50.126815999999998
21
-167.0338849999999979
0
LINE
8
BLACK
6
CONTINUOUS
10
50.126815999999998
20
-167.0338849999999979
11
50.0315779999999961
21
-167.2243609999999876
0
LINE
8
BLACK
6
CONTINUOUS
10
50.0315779999999961
20
-167.2243609999999876
11
49.9363400000000013
21
-167.3195999999999799
0
LINE
8
BLACK
6
CONTINUOUS
10
49.9363400000000013
20
-167.3195999999999799
11
49.7458639999999974
21
-167.4148380000000031
0
LINE
8
BLACK
6
CONTINUOUS
10
49.7458639999999974
20
-167.4148380000000031
11
49.5553869999999961
21
-167.4148380000000031
0
LINE
8
BLACK
6
CONTINUOUS
10
49.5553869999999961
20
-167.4148380000000031
11
49.3649109999999993
21
-167.3195999999999799
0
LINE
8
BLACK
6
CONTINUOUS
10
49.3649109999999993
20
-167.3195999999999799
11
49.2696729999999974
21
-167.2243609999999876
0
LINE
8
BLACK
6
CONTINUOUS
10
49.2696729999999974
20
-167.2243609999999876
11
49.1744349999999955
21
-167.0338849999999979
0
LINE
8
BLACK
6
CONTINUOUS
10
49.1744349999999955
20
-167.0338849999999979
11
49.0791970000000006
21
-166.6529329999999902
0
LINE
8
BLACK
6
CONTINUOUS
10
49.0791970000000006
20
-166.6529329999999902
11
49.0791970000000006
21
-166.1767419999999902
0
LINE
8
BLACK
6
CONTINUOUS
10
49.0791970000000006
20
-166.1767419999999902
11
49.1744349999999955
21
-165.7957899999999825
0
LINE
8
BLACK
6
CONTINUOUS
10
49.1744349999999955
20
-165.7957899999999825
11
49.2696729999999974
21
-165.6053139999999928
0
LINE
8
BLACK
6
CONTINUOUS
10
49.2696729999999974
20
-165.6053139999999928
11
49.3649109999999993
21
-165.510075999999998
0
LINE
8
BLACK
6
CONTINUOUS
10
49.3649109999999993
20
-165.510075999999998
11
49.5553869999999961
21
-165.4148380000000031
0
LINE
8
BLACK
6
CONTINUOUS
10
51.0791970000000006
20
-167.4148380000000031
11
51.0791970000000006
21
-166.0815039999999954
0
LINE
8
BLACK
6
CONTINUOUS
10
51.0791970000000006
20
-166.271979999999985
11
51.1744349999999955
21
-166.1767419999999902
0
LINE
8
BLACK
6
CONTINUOUS
10
51.1744349999999955
20
-166.1767419999999902
11
51.3649109999999993
21
-166.0815039999999954
0
LINE
8
BLACK
6
CONTINUOUS
10
51.3649109999999993
20
-166.0815039999999954
11
51.6506259999999955
21
-166.0815039999999954
0
LINE
8
BLACK
6
CONTINUOUS
10
51.6506259999999955
20
-166.0815039999999954
11
51.8411019999999994
21
-166.1767419999999902
0
LINE
8
BLACK
6
CONTINUOUS
10
51.8411019999999994
20
-166.1767419999999902
11
51.9363399999999942
21
-166.3672190000000057
0
LINE
8
BLACK
6
CONTINUOUS
10
51.9363399999999942
20
-166.3672190000000057
11
51.9363399999999942
21
-167.4148380000000031
0
LINE
8
BLACK
6
CONTINUOUS
10
51.9363399999999942
20
-166.3672190000000057
11
52.0315779999999961
21
-166.1767419999999902
0
LINE
8
BLACK
6
CONTINUOUS
10
52.0315779999999961
20
-166.1767419999999902
11
52.222054
21
-166.0815039999999954
0
LINE
8
BLACK
6
CONTINUOUS
10
52.222054
20
-166.0815039999999954
11
52.5077679999999987
21
-166.0815039999999954
0
LINE
8
BLACK
6
CONTINUOUS
10
52.5077679999999987
20
-166.0815039999999954
11
52.698245
21
-166.1767419999999902
0
LINE
8
BLACK
6
CONTINUOUS
10
52.698245
20
-166.1767419999999902
11
52.7934829999999948
21
-166.3672190000000057
0
LINE
8
BLACK
6
CONTINUOUS
10
52.7934829999999948
20
-166.3672190000000057
11
52.7934829999999948
21
-167.4148380000000031
0
LINE
8
BLACK
6
CONTINUOUS
10
53.7458639999999974
20
-167.4148380000000031
11
53.7458639999999974
21
-166.0815039999999954
0
LINE
8
BLACK
6
CONTINUOUS
10
53.7458639999999974
20
-166.271979999999985
11
53.8411019999999994
21
-166.1767419999999902
0
LINE
8
BLACK
6
CONTINUOUS
10
53.8411019999999994
20
-166.1767419999999902
11
54.0315779999999961
21
-166.0815039999999954
0
LINE
8
BLACK
6
CONTINUOUS
10
54.0315779999999961
20
-166.0815039999999954
11
54.3172929999999994
21
-166.0815039999999954
0
LINE
8
BLACK
6
CONTINUOUS
10
54.3172929999999994
20
-166.0815039999999954
11
54.5077689999999961
21
-166.1767419999999902
0
LINE
8
BLACK
6
CONTINUOUS
10
54.5077689999999961
20
-166.1767419999999902
11
54.6030069999999981
21
-166.3672190000000057
0
LINE
8
BLACK
6
CONTINUOUS
10
54.6030069999999981
20
-166.3672190000000057
11
54.6030069999999981
21
-167.4148380000000031
0
LINE
8
BLACK
6
CONTINUOUS
10
54.6030069999999981
20
-166.3672190000000057
11
54.698245
21
-166.1767419999999902
0
LINE
8
BLACK
6
CONTINUOUS
10
54.698245
20
-166.1767419999999902
11
54.8887209999999968
21
-166.0815039999999954
0
LINE
8
BLACK
6
CONTINUOUS
10
54.8887209999999968
20
-166.0815039999999954
11
55.1744349999999955
21
-166.0815039999999954
0
LINE
8
BLACK
6
CONTINUOUS
10
55.1744349999999955
20
-166.0815039999999954
11
55.3649119999999968
21
-166.1767419999999902
0
LINE
8
BLACK
6
CONTINUOUS
10
55.3649119999999968
20
-166.1767419999999902
11
55.4601499999999987
21
-166.3672190000000057
0
LINE
8
BLACK
6
CONTINUOUS
10
55.4601499999999987
20
-166.3672190000000057
11
55.4601499999999987
21
-167.4148380000000031
0
LINE
8
BLACK
6
CONTINUOUS
10
59.3649119999999968
20
-165.3195999999999799
11
57.6506270000000001
21
-167.8910280000000057
0
LINE
8
BLACK
6
CONTINUOUS
10
61.9363409999999988
20
-165.4148380000000031
11
62.1268180000000001
21
-165.4148380000000031
0
LINE
8
BLACK
6
CONTINUOUS
10
62.1268180000000001
20
-165.4148380000000031
11
62.3172939999999969
21
-165.510075999999998
0
LINE
8
BLACK
6
CONTINUOUS
10
62.3172939999999969
20
-165.510075999999998
11
62.4125319999999988
21
-165.6053139999999928
0
LINE
8
BLACK
6
CONTINUOUS
10
62.4125319999999988
20
-165.6053139999999928
11
62.5077700000000007
21
-165.7957899999999825
0
LINE
8
BLACK
6
CONTINUOUS
10
62.5077700000000007
20
-165.7957899999999825
11
62.6030079999999955
21
-166.1767419999999902
0
LINE
8
BLACK
6
CONTINUOUS
10
62.6030079999999955
20
-166.1767419999999902
11
62.6030079999999955
21
-166.6529329999999902
0
LINE
8
BLACK
6
CONTINUOUS
10
62.6030079999999955
20
-166.6529329999999902
11
62.5077700000000007
21
-167.0338849999999979
0
LINE
8
BLACK
6
CONTINUOUS
10
62.5077700000000007
20
-167.0338849999999979
11
62.4125319999999988
21
-167.2243609999999876
0
LINE
8
BLACK
6
CONTINUOUS
10
62.4125319999999988
20
-167.2243609999999876
11
62.3172939999999969
21
-167.3195999999999799
0
LINE
8
BLACK
6
CONTINUOUS
10
62.3172939999999969
20
-167.3195999999999799
11
62.1268180000000001
21
-167.4148380000000031
0
LINE
8
BLACK
6
CONTINUOUS
10
62.1268180000000001
20
-167.4148380000000031
11
61.9363409999999988
21
-167.4148380000000031
0
LINE
8
BLACK
6
CONTINUOUS
10
61.9363409999999988
20
-167.4148380000000031
11
61.7458649999999949
21
-167.3195999999999799
0
LINE
8
BLACK
6
CONTINUOUS
10
61.7458649999999949
20
-167.3195999999999799
11
61.6506270000000001
21
-167.2243609999999876
0
LINE
8
BLACK
6
CONTINUOUS
10
61.6506270000000001
20
-167.2243609999999876
11
61.5553889999999981
21
-167.0338849999999979
0
LINE
8
BLACK
6
CONTINUOUS
10
61.5553889999999981
20
-167.0338849999999979
11
61.4601509999999962
21
-166.6529329999999902
0
LINE
8
BLACK
6
CONTINUOUS
10
61.4601509999999962
20
-166.6529329999999902
11
61.4601509999999962
21
-166.1767419999999902
0
LINE
8
BLACK
6
CONTINUOUS
10
61.4601509999999962
20
-166.1767419999999902
11
61.5553889999999981
21
-165.7957899999999825
0
LINE
8
BLACK
6
CONTINUOUS
10
61.5553889999999981
20
-165.7957899999999825
11
61.6506270000000001
21
-165.6053139999999928
0
LINE
8
BLACK
6
CONTINUOUS
10
61.6506270000000001
20
-165.6053139999999928
11
61.7458649999999949
21
-165.510075999999998
0
LINE
8
BLACK
6
CONTINUOUS
10
61.7458649999999949
20
-165.510075999999998
11
61.9363409999999988
21
-165.4148380000000031
0
LINE
8
BLACK
6
CONTINUOUS
10
63.4601509999999962
20
-167.2243609999999876
11
63.5553889999999981
21
-167.3195999999999799
0
LINE
8
BLACK
6
CONTINUOUS
10
63.5553889999999981
20
-167.3195999999999799
11
63.4601509999999962
21
-167.4148380000000031
0
LINE
8
BLACK
6
CONTINUOUS
10
63.4601509999999962
20
-167.4148380000000031
11
63.3649129999999943
21
-167.3195999999999799
0
LINE
8
BLACK
6
CONTINUOUS
10
63.3649129999999943
20
-167.3195999999999799
11
63.4601509999999962
21
-167.2243609999999876
0
LINE
8
BLACK
6
CONTINUOUS
10
63.4601509999999962
20
-167.2243609999999876
11
63.4601509999999962
21
-167.4148380000000031
0
LINE
8
BLACK
6
CONTINUOUS
10
64.7934839999999923
20
-165.4148380000000031
11
64.9839609999999936
21
-165.4148380000000031
0
LINE
8
BLACK
6
CONTINUOUS
10
64.9839609999999936
20
-165.4148380000000031
11
65.1744369999999975
21
-165.510075999999998
0
LINE
8
BLACK
6
CONTINUOUS
10
65.1744369999999975
20
-165.510075999999998
11
65.2696749999999923
21
-165.6053139999999928
0
LINE
8
BLACK
6
CONTINUOUS
10
65.2696749999999923
20
-165.6053139999999928
11
65.3649130000000014
21
-165.7957899999999825
0
LINE
8
BLACK
6
CONTINUOUS
10
65.3649130000000014
20
-165.7957899999999825
11
65.4601509999999962
21
-166.1767419999999902
0
LINE
8
BLACK
6
CONTINUOUS
10
65.4601509999999962
20
-166.1767419999999902
11
65.4601509999999962
21
-166.6529329999999902
0
LINE
8
BLACK
6
CONTINUOUS
10
65.4601509999999962
20
-166.6529329999999902
11
65.3649130000000014
21
-167.0338849999999979
0
LINE
8
BLACK
6
CONTINUOUS
10
65.3649130000000014
20
-167.0338849999999979
11
65.2696749999999923
21
-167.2243609999999876
0
LINE
8
BLACK
6
CONTINUOUS
10
65.2696749999999923
20
-167.2243609999999876
11
65.1744369999999975
21
-167.3195999999999799
0
LINE
8
BLACK
6
CONTINUOUS
10
65.1744369999999975
20
-167.3195999999999799
11
64.9839609999999936
21
-167.4148380000000031
0
LINE
8
BLACK
6
CONTINUOUS
10
64.9839609999999936
20
-167.4148380000000031
11
64.7934839999999923
21
-167.4148380000000031
0
LINE
8
BLACK
6
CONTINUOUS
10
64.7934839999999923
20
-167.4148380000000031
11
64.6030080000000027
21
-167.3195999999999799
0
LINE
8
BLACK
6
CONTINUOUS
10
64.6030080000000027
20
-167.3195999999999799
11
64.5077699999999936
21
-167.2243609999999876
0
LINE
8
BLACK
6
CONTINUOUS
10
64.5077699999999936
20
-167.2243609999999876
11
64.4125319999999988
21
-167.0338849999999979
0
LINE
8
BLACK
6
CONTINUOUS
10
64.4125319999999988
20
-167.0338849999999979
11
64.317294000000004
21
-166.6529329999999902
0
LINE
8
BLACK
6
CONTINUOUS
10
64.317294000000004
20
-166.6529329999999902
11
64.317294000000004
21
-166.1767419999999902
0
LINE
8
BLACK
6
CONTINUOUS
10
64.317294000000004
20
-166.1767419999999902
11
64.4125319999999988
21
-165.7957899999999825
0
LINE
8
BLACK
6
CONTINUOUS
10
64.4125319999999988
20
-165.7957899999999825
11
64.5077699999999936
21
-165.6053139999999928
0
LINE
8
BLACK
6
CONTINUOUS
10
64.5077699999999936
20
-165.6053139999999928
11
64.6030080000000027
21
-165.510075999999998
0
LINE
8
BLACK
6
CONTINUOUS
10
64.6030080000000027
20
-165.510075999999998
11
64.7934839999999923
21
-165.4148380000000031
0
LINE
8
BLACK
6
CONTINUOUS
10
67.3649130000000014
20
-167.4148380000000031
11
66.2220559999999949
21
-167.4148380000000031
0
LINE
8
BLACK
6
CONTINUOUS
10
66.7934839999999923
20
-167.4148380000000031
11
66.7934839999999923
21
-165.4148380000000031
0
LINE
8
BLACK
6
CONTINUOUS
10
66.7934839999999923
20
-165.4148380000000031
11
66.6030080000000027
21
-165.7005519999999876
0
LINE
8
BLACK
6
CONTINUOUS
10
66.6030080000000027
20
-165.7005519999999876
11
66.4125319999999988
21
-165.8910280000000057
0
LINE
8
BLACK
6
CONTINUOUS
10
66.4125319999999988
20
-165.8910280000000057
11
66.2220559999999949
21
-165.9862660000000005
0
LINE
8
BLACK
6
CONTINUOUS
10
69.2696749999999923
20
-167.4148380000000031
11
68.1268180000000001
21
-167.4148380000000031
0
LINE
8
BLACK
6
CONTINUOUS
10
68.6982459999999975
20
-167.4148380000000031
11
68.6982459999999975
21
-165.4148380000000031
0
LINE
8
BLACK
6
CONTINUOUS
10
68.6982459999999975
20
-165.4148380000000031
11
68.5077699999999936
21
-165.7005519999999876
0
LINE
8
BLACK
6
CONTINUOUS
10
68.5077699999999936
20
-165.7005519999999876
11
68.317294000000004
21
-165.8910280000000057
0
LINE
8
BLACK
6
CONTINUOUS
10
68.317294000000004
20
-165.8910280000000057
11
68.1268180000000001
21
-165.9862660000000005
0
LINE
8
BLACK
6
CONTINUOUS
10
70.4125319999999988
20
-166.271979999999985
11
70.2220559999999949
21
-166.1767419999999902
0
LINE
8
BLACK
6
CONTINUOUS
10
70.2220559999999949
20
-166.1767419999999902
11
70.1268180000000001
21
-166.0815039999999954
0
LINE
8
BLACK
6
CONTINUOUS
10
70.1268180000000001
20
-166.0815039999999954
11
70.0315799999999911
21
-165.8910280000000057
0
LINE
8
BLACK
6
CONTINUOUS
10
70.0315799999999911
20
-165.8910280000000057
11
70.0315799999999911
21
-165.7957899999999825
0
LINE
8
BLACK
6
CONTINUOUS
10
70.0315799999999911
20
-165.7957899999999825
11
70.1268180000000001
21
-165.6053139999999928
0
LINE
8
BLACK
6
CONTINUOUS
10
70.1268180000000001
20
-165.6053139999999928
11
70.2220559999999949
21
-165.510075999999998
0
LINE
8
BLACK
6
CONTINUOUS
10
70.2220559999999949
20
-165.510075999999998
11
70.4125319999999988
21
-165.4148380000000031
0
LINE
8
BLACK
6
CONTINUOUS
10
70.4125319999999988
20
-165.4148380000000031
11
70.7934849999999898
21
-165.4148380000000031
0
LINE
8
BLACK
6
CONTINUOUS
10
70.7934849999999898
20
-165.4148380000000031
11
70.9839609999999936
21
-165.510075999999998
0
LINE
8
BLACK
6
CONTINUOUS
10
70.9839609999999936
20
-165.510075999999998
11
71.0791990000000027
21
-165.6053139999999928
0
LINE
8
BLACK
6
CONTINUOUS
10
71.0791990000000027
20
-165.6053139999999928
11
71.1744369999999975
21
-165.7957899999999825
0
LINE
8
BLACK
6
CONTINUOUS
10
71.1744369999999975
20
-165.7957899999999825
11
71.1744369999999975
21
-165.8910280000000057
0
LINE
8
BLACK
6
CONTINUOUS
10
71.1744369999999975
20
-165.8910280000000057
11
71.0791990000000027
21
-166.0815039999999954
0
LINE
8
BLACK
6
CONTINUOUS
10
71.0791990000000027
20
-166.0815039999999954
11
70.9839609999999936
21
-166.1767419999999902
0
LINE
8
BLACK
6
CONTINUOUS
10
70.9839609999999936
20
-166.1767419999999902
11
70.7934849999999898
21
-166.271979999999985
0
LINE
8
BLACK
6
CONTINUOUS
10
70.7934849999999898
20
-166.271979999999985
11
70.4125319999999988
21
-166.271979999999985
0
LINE
8
BLACK
6
CONTINUOUS
10
70.4125319999999988
20
-166.271979999999985
11
70.2220559999999949
21
-166.3672190000000057
0
LINE
8
BLACK
6
CONTINUOUS
10
70.2220559999999949
20
-166.3672190000000057
11
70.1268180000000001
21
-166.4624570000000006
0
LINE
8
BLACK
6
CONTINUOUS
10
70.1268180000000001
20
-166.4624570000000006
11
70.0315799999999911
21
-166.6529329999999902
0
LINE
8
BLACK
6
CONTINUOUS
10
70.0315799999999911
20
-166.6529329999999902
11
70.0315799999999911
21
-167.0338849999999979
0
LINE
8
BLACK
6
CONTINUOUS
10
70.0315799999999911
20
-167.0338849999999979
11
70.1268180000000001
21
-167.2243609999999876
0
LINE
8
BLACK
6
CONTINUOUS
10
70.1268180000000001
20
-167.2243609999999876
11
70.2220559999999949
21
-167.3195999999999799
0
LINE
8
BLACK
6
CONTINUOUS
10
70.2220559999999949
20
-167.3195999999999799
11
70.4125319999999988
21
-167.4148380000000031
0
LINE
8
BLACK
6
CONTINUOUS
10
70.4125319999999988
20
-167.4148380000000031
11
70.7934849999999898
21
-167.4148380000000031
0
LINE
8
BLACK
6
CONTINUOUS
10
70.7934849999999898
20
-167.4148380000000031
11
70.9839609999999936
21
-167.3195999999999799
0
LINE
8
BLACK
6
CONTINUOUS
10
70.9839609999999936
20
-167.3195999999999799
11
71.0791990000000027
21
-167.2243609999999876
0
LINE
8
BLACK
6
CONTINUOUS
10
71.0791990000000027
20
-167.2243609999999876
11
71.1744369999999975
21
-167.0338849999999979
0
LINE
8
BLACK
6
CONTINUOUS
10
71.1744369999999975
20
-167.0338849999999979
11
71.1744369999999975
21
-166.6529329999999902
0
LINE
8
BLACK
6
CONTINUOUS
10
71.1744369999999975
20
-166.6529329999999902
11
71.0791990000000027
21
-166.4624570000000006
0
LINE
8
BLACK
6
CONTINUOUS
10
71.0791990000000027
20
-166.4624570000000006
11
70.9839609999999936
21
-166.3672190000000057
0
LINE
8
BLACK
6
CONTINUOUS
10
70.9839609999999936
20
-166.3672190000000057
11
70.7934849999999898
21
-166.271979999999985
0
LINE
8
BLACK
6
CONTINUOUS
10
71.9363419999999962
20
-165.4148380000000031
11
71.9363419999999962
21
-165.7957899999999825
0
LINE
8
BLACK
6
CONTINUOUS
10
72.698246999999995
20
-165.4148380000000031
11
72.698246999999995
21
-165.7957899999999825
0
LINE
8
BLACK
6
CONTINUOUS
10
75.650628999999995
20
-168.1767419999999902
11
75.5553900000000027
21
-168.0815039999999954
0
LINE
8
BLACK
6
CONTINUOUS
10
75.5553900000000027
20
-168.0815039999999954
11
75.3649139999999989
21
-167.7957899999999825
0
LINE
8
BLACK
6
CONTINUOUS
10
75.3649139999999989
20
-167.7957899999999825
11
75.2696759999999898
21
-167.6053139999999928
0
LINE
8
BLACK
6
CONTINUOUS
10
75.2696759999999898
20
-167.6053139999999928
11
75.174437999999995
21
-167.3195999999999799
0
LINE
8
BLACK
6
CONTINUOUS
10
75.174437999999995
20
-167.3195999999999799
11
75.0792000000000002
21
-166.8434089999999799
0
LINE
8
BLACK
6
CONTINUOUS
10
75.0792000000000002
20
-166.8434089999999799
11
75.0792000000000002
21
-166.4624570000000006
0
LINE
8
BLACK
6
CONTINUOUS
10
75.0792000000000002
20
-166.4624570000000006
11
75.174437999999995
21
-165.9862660000000005
0
LINE
8
BLACK
6
CONTINUOUS
10
75.174437999999995
20
-165.9862660000000005
11
75.2696759999999898
21
-165.7005519999999876
0
LINE
8
BLACK
6
CONTINUOUS
10
75.2696759999999898
20
-165.7005519999999876
11
75.3649139999999989
21
-165.510075999999998
0
LINE
8
BLACK
6
CONTINUOUS
10
75.3649139999999989
20
-165.510075999999998
11
75.5553900000000027
21
-165.2243609999999876
0
LINE
8
BLACK
6
CONTINUOUS
10
75.5553900000000027
20
-165.2243609999999876
11
75.650628999999995
21
-165.1291229999999928
0
LINE
8
BLACK
6
CONTINUOUS
10
77.3649139999999989
20
-165.4148380000000031
11
76.4125329999999963
21
-165.4148380000000031
0
LINE
8
BLACK
6
CONTINUOUS
10
76.4125329999999963
20
-165.4148380000000031
11
76.3172950000000014
21
-166.3672190000000057
0
LINE
8
BLACK
6
CONTINUOUS
10
76.3172950000000014
20
-166.3672190000000057
11
76.4125329999999963
21
-166.271979999999985
0
LINE
8
BLACK
6
CONTINUOUS
10
76.4125329999999963
20
-166.271979999999985
11
76.6030090000000001
21
-166.1767419999999902
0
LINE
8
BLACK
6
CONTINUOUS
10
76.6030090000000001
20
-166.1767419999999902
11
77.0792000000000002
21
-166.1767419999999902
0
LINE
8
BLACK
6
CONTINUOUS
10
77.0792000000000002
20
-166.1767419999999902
11
77.2696759999999898
21
-166.271979999999985
0
LINE
8
BLACK
6
CONTINUOUS
10
77.2696759999999898
20
-166.271979999999985
11
77.3649139999999989
21
-166.3672190000000057
0
LINE
8
BLACK
6
CONTINUOUS
10
77.3649139999999989
20
-166.3672190000000057
11
77.4601519999999937
21
-166.5576949999999954
0
LINE
8
BLACK
6
CONTINUOUS
10
77.4601519999999937
20
-166.5576949999999954
11
77.4601519999999937
21
-167.0338849999999979
0
LINE
8
BLACK
6
CONTINUOUS
10
77.4601519999999937
20
-167.0338849999999979
11
77.3649139999999989
21
-167.2243609999999876
0
LINE
8
BLACK
6
CONTINUOUS
10
77.3649139999999989
20
-167.2243609999999876
11
77.2696759999999898
21
-167.3195999999999799
0
LINE
8
BLACK
6
CONTINUOUS
10
77.2696759999999898
20
-167.3195999999999799
11
77.0792000000000002
21
-167.4148380000000031
0
LINE
8
BLACK
6
CONTINUOUS
10
77.0792000000000002
20
-167.4148380000000031
11
76.6030090000000001
21
-167.4148380000000031
0
LINE
8
BLACK
6
CONTINUOUS
10
76.6030090000000001
20
-167.4148380000000031
11
76.4125329999999963
21
-167.3195999999999799
0
LINE
8
BLACK
6
CONTINUOUS
10
76.4125329999999963
20
-167.3195999999999799
11
76.3172950000000014
21
-167.2243609999999876
0
LINE
8
BLACK
6
CONTINUOUS
10
78.2220569999999924
20
-165.6053139999999928
11
78.3172950000000014
21
-165.510075999999998
0
LINE
8
BLACK
6
CONTINUOUS
10
78.3172950000000014
20
-165.510075999999998
11
78.5077709999999911
21
-165.4148380000000031
0
LINE
8
BLACK
6
CONTINUOUS
10
78.5077709999999911
20
-165.4148380000000031
11
78.9839619999999911
21
-165.4148380000000031
0
LINE
8
BLACK
6
CONTINUOUS
10
78.9839619999999911
20
-165.4148380000000031
11
79.174437999999995
21
-165.510075999999998
0
LINE
8
BLACK
6
CONTINUOUS
10
79.174437999999995
20
-165.510075999999998
11
79.2696759999999898
21
-165.6053139999999928
0
LINE
8
BLACK
6
CONTINUOUS
10
79.2696759999999898
20
-165.6053139999999928
11
79.3649139999999989
21
-165.7957899999999825
0
LINE
8
BLACK
6
CONTINUOUS
10
79.3649139999999989
20
-165.7957899999999825
11
79.3649139999999989
21
-165.9862660000000005
0
LINE
8
BLACK
6
CONTINUOUS
10
79.3649139999999989
20
-165.9862660000000005
11
79.2696759999999898
21
-166.271979999999985
0
LINE
8
BLACK
6
CONTINUOUS
10
79.2696759999999898
20
-166.271979999999985
11
78.1268189999999976
21
-167.4148380000000031
0
LINE
8
BLACK
6
CONTINUOUS
10
78.1268189999999976
20
-167.4148380000000031
11
79.3649139999999989
21
-167.4148380000000031
0
LINE
8
BLACK
6
CONTINUOUS
10
81.7458669999999898
20
-167.4148380000000031
11
81.7458669999999898
21
-165.4148380000000031
0
LINE
8
BLACK
6
CONTINUOUS
10
82.6030099999999976
20
-167.4148380000000031
11
82.6030099999999976
21
-166.3672190000000057
0
LINE
8
BLACK
6
CONTINUOUS
10
82.6030099999999976
20
-166.3672190000000057
11
82.5077720000000028
21
-166.1767419999999902
0
LINE
8
BLACK
6
CONTINUOUS
10
82.5077720000000028
20
-166.1767419999999902
11
82.3172959999999989
21
-166.0815039999999954
0
LINE
8
BLACK
6
CONTINUOUS
10
82.3172959999999989
20
-166.0815039999999954
11
82.0315810000000027
21
-166.0815039999999954
0
LINE
8
BLACK
6
CONTINUOUS
10
82.0315810000000027
20
-166.0815039999999954
11
81.8411049999999989
21
-166.1767419999999902
0
LINE
8
BLACK
6
CONTINUOUS
10
81.8411049999999989
20
-166.1767419999999902
11
81.7458669999999898
21
-166.271979999999985
0
LINE
8
BLACK
6
CONTINUOUS
10
83.8411049999999989
20
-167.4148380000000031
11
83.650628999999995
21
-167.3195999999999799
0
LINE
8
BLACK
6
CONTINUOUS
10
83.650628999999995
20
-167.3195999999999799
11
83.5553910000000002
21
-167.2243609999999876
0
LINE
8
BLACK
6
CONTINUOUS
10
83.5553910000000002
20
-167.2243609999999876
11
83.4601529999999912
21
-167.0338849999999979
0
LINE
8
BLACK
6
CONTINUOUS
10
83.4601529999999912
20
-167.0338849999999979
11
83.4601529999999912
21
-166.4624570000000006
0
LINE
8
BLACK
6
CONTINUOUS
10
83.4601529999999912
20
-166.4624570000000006
11
83.5553910000000002
21
-166.271979999999985
0
LINE
8
BLACK
6
CONTINUOUS
10
83.5553910000000002
20
-166.271979999999985
11
83.650628999999995
21
-166.1767419999999902
0
LINE
8
BLACK
6
CONTINUOUS
10
83.650628999999995
20
-166.1767419999999902
11
83.8411049999999989
21
-166.0815039999999954
0
LINE
8
BLACK
6
CONTINUOUS
10
83.8411049999999989
20
-166.0815039999999954
11
84.126819999999995
21
-166.0815039999999954
0
LINE
8
BLACK
6
CONTINUOUS
10
84.126819999999995
20
-166.0815039999999954
11
84.3172959999999989
21
-166.1767419999999902
0
LINE
8
BLACK
6
CONTINUOUS
10
84.3172959999999989
20
-166.1767419999999902
11
84.4125339999999937
21
-166.271979999999985
0
LINE
8
BLACK
6
CONTINUOUS
10
84.4125339999999937
20
-166.271979999999985
11
84.5077720000000028
21
-166.4624570000000006
0
LINE
8
BLACK
6
CONTINUOUS
10
84.5077720000000028
20
-166.4624570000000006
11
84.5077720000000028
21
-167.0338849999999979
0
LINE
8
BLACK
6
CONTINUOUS
10
84.5077720000000028
20
-167.0338849999999979
11
84.4125339999999937
21
-167.2243609999999876
0
LINE
8
BLACK
6
CONTINUOUS
10
84.4125339999999937
20
-167.2243609999999876
11
84.3172959999999989
21
-167.3195999999999799
0
LINE
8
BLACK
6
CONTINUOUS
10
84.3172959999999989
20
-167.3195999999999799
11
84.126819999999995
21
-167.4148380000000031
0
LINE
8
BLACK
6
CONTINUOUS
10
84.126819999999995
20
-167.4148380000000031
11
83.8411049999999989
21
-167.4148380000000031
0
LINE
8
BLACK
6
CONTINUOUS
10
85.650628999999995
20
-167.4148380000000031
11
85.4601529999999912
21
-167.3195999999999799
0
LINE
8
BLACK
6
CONTINUOUS
10
85.4601529999999912
20
-167.3195999999999799
11
85.3649149999999963
21
-167.1291229999999928
0
LINE
8
BLACK
6
CONTINUOUS
10
85.3649149999999963
20
-167.1291229999999928
11
85.3649149999999963
21
-165.4148380000000031
0
LINE
8
BLACK
6
CONTINUOUS
10
87.1744389999999925
20
-167.3195999999999799
11
86.9839630000000028
21
-167.4148380000000031
0
LINE
8
BLACK
6
CONTINUOUS
10
86.9839630000000028
20
-167.4148380000000031
11
86.6030099999999976
21
-167.4148380000000031
0
LINE
8
BLACK
6
CONTINUOUS
10
86.6030099999999976
20
-167.4148380000000031
11
86.4125339999999937
21
-167.3195999999999799
0
LINE
8
BLACK
6
CONTINUOUS
10
86.4125339999999937
20
-167.3195999999999799
11
86.3172959999999989
21
-167.1291229999999928
0
LINE
8
BLACK
6
CONTINUOUS
10
86.3172959999999989
20
-167.1291229999999928
11
86.3172959999999989
21
-166.3672190000000057
0
LINE
8
BLACK
6
CONTINUOUS
10
86.3172959999999989
20
-166.3672190000000057
11
86.4125339999999937
21
-166.1767419999999902
0
LINE
8
BLACK
6
CONTINUOUS
10
86.4125339999999937
20
-166.1767419999999902
11
86.6030099999999976
21
-166.0815039999999954
0
LINE
8
BLACK
6
CONTINUOUS
10
86.6030099999999976
20
-166.0815039999999954
11
86.9839630000000028
21
-166.0815039999999954
0
LINE
8
BLACK
6
CONTINUOUS
10
86.9839630000000028
20
-166.0815039999999954
11
87.1744389999999925
21
-166.1767419999999902
0
LINE
8
BLACK
6
CONTINUOUS
10
87.1744389999999925
20
-166.1767419999999902
11
87.2696770000000015
21
-166.3672190000000057
0
LINE
8
BLACK
6
CONTINUOUS
10
87.2696770000000015
20
-166.3672190000000057
11
87.2696770000000015
21
-166.5576949999999954
0
LINE
8
BLACK
6
CONTINUOUS
10
87.2696770000000015
20
-166.5576949999999954
11
86.3172959999999989
21
-166.748170999999985
0
LINE
8
BLACK
6
CONTINUOUS
10
88.0315820000000002
20
-167.3195999999999799
11
88.2220579999999899
21
-167.4148380000000031
0
LINE
8
BLACK
6
CONTINUOUS
10
88.2220579999999899
20
-167.4148380000000031
11
88.6030099999999976
21
-167.4148380000000031
0
LINE
8
BLACK
6
CONTINUOUS
10
88.6030099999999976
20
-167.4148380000000031
11
88.7934869999999989
21
-167.3195999999999799
0
LINE
8
BLACK
6
CONTINUOUS
10
88.7934869999999989
20
-167.3195999999999799
11
88.8887249999999938
21
-167.1291229999999928
0
LINE
8
BLACK
6
CONTINUOUS
10
88.8887249999999938
20
-167.1291229999999928
11
88.8887249999999938
21
-167.0338849999999979
0
LINE
8
BLACK
6
CONTINUOUS
10
88.8887249999999938
20
-167.0338849999999979
11
88.7934869999999989
21
-166.8434089999999799
0
LINE
8
BLACK
6
CONTINUOUS
10
88.7934869999999989
20
-166.8434089999999799
11
88.6030099999999976
21
-166.748170999999985
0
LINE
8
BLACK
6
CONTINUOUS
10
88.6030099999999976
20
-166.748170999999985
11
88.3172959999999989
21
-166.748170999999985
0
LINE
8
BLACK
6
CONTINUOUS
10
88.3172959999999989
20
-166.748170999999985
11
88.126819999999995
21
-166.6529329999999902
0
LINE
8
BLACK
6
CONTINUOUS
10
88.126819999999995
20
-166.6529329999999902
11
88.0315820000000002
21
-166.4624570000000006
0
LINE
8
BLACK
6
CONTINUOUS
10
88.0315820000000002
20
-166.4624570000000006
11
88.0315820000000002
21
-166.3672190000000057
0
LINE
8
BLACK
6
CONTINUOUS
10
88.0315820000000002
20
-166.3672190000000057
11
88.126819999999995
21
-166.1767419999999902
0
LINE
8
BLACK
6
CONTINUOUS
10
88.126819999999995
20
-166.1767419999999902
11
88.3172959999999989
21
-166.0815039999999954
0
LINE
8
BLACK
6
CONTINUOUS
10
88.3172959999999989
20
-166.0815039999999954
11
88.6030099999999976
21
-166.0815039999999954
0
LINE
8
BLACK
6
CONTINUOUS
10
88.6030099999999976
20
-166.0815039999999954
11
88.7934869999999989
21
-166.1767419999999902
0
LINE
8
BLACK
6
CONTINUOUS
10
89.5553919999999977
20
-168.1767419999999902
11
89.6506299999999925
21
-168.0815039999999954
0
LINE
8
BLACK
6
CONTINUOUS
10
89.6506299999999925
20
-168.0815039999999954
11
89.8411059999999964
21
-167.7957899999999825
0
LINE
8
BLACK
6
CONTINUOUS
10
89.8411059999999964
20
-167.7957899999999825
11
89.9363439999999912
21
-167.6053139999999928
0
LINE
8
BLACK
6
CONTINUOUS
10
89.9363439999999912
20
-167.6053139999999928
11
90.0315820000000002
21
-167.3195999999999799
0
LINE
8
BLACK
6
CONTINUOUS
10
90.0315820000000002
20
-167.3195999999999799
11
90.126819999999995
21
-166.8434089999999799
0
LINE
8
BLACK
6
CONTINUOUS
10
90.126819999999995
20
-166.8434089999999799
11
90.126819999999995
21
-166.4624570000000006
0
LINE
8
BLACK
6
CONTINUOUS
10
90.126819999999995
20
-166.4624570000000006
11
90.0315820000000002
21
-165.9862660000000005
0
LINE
8
BLACK
6
CONTINUOUS
10
90.0315820000000002
20
-165.9862660000000005
11
89.9363439999999912
21
-165.7005519999999876
0
LINE
8
BLACK
6
CONTINUOUS
10
89.9363439999999912
20
-165.7005519999999876
11
89.8411059999999964
21
-165.510075999999998
0
LINE
8
BLACK
6
CONTINUOUS
10
89.8411059999999964
20
-165.510075999999998
11
89.6506299999999925
21
-165.2243609999999876
0
LINE
8
BLACK
6
CONTINUOUS
10
89.6506299999999925
20
-165.2243609999999876
11
89.5553919999999977
21
-165.1291229999999928
0
CIRCLE
8
BLACK
10
39.3999999999999986
20
-169.1399999999999864
40
0.5
0
LINE
8
BLACK
6
CONTINUOUS
10
43.5553869999999961
20
-170.0548379999999895
11
42.4125299999999967
21
-170.0548379999999895
0
LINE
8
BLACK
6
CONTINUOUS
10
42.9839580000000012
20
-170.0548379999999895
11
42.9839580000000012
21
-168.0548379999999895
0
LINE
8
BLACK
6
CONTINUOUS
10
42.9839580000000012
20
-168.0548379999999895
11
42.7934819999999974
21
-168.3405520000000024
0
LINE
8
BLACK
6
CONTINUOUS
10
42.7934819999999974
20
-168.3405520000000024
11
42.6030060000000006
21
-168.5310279999999921
0
LINE
8
BLACK
6
CONTINUOUS
10
42.6030060000000006
20
-168.5310279999999921
11
42.4125299999999967
21
-168.6262659999999869
0
LINE
8
BLACK
6
CONTINUOUS
10
44.4125299999999967
20
-169.8643610000000024
11
44.5077679999999987
21
-169.9595999999999947
0
LINE
8
BLACK
6
CONTINUOUS
10
44.5077679999999987
20
-169.9595999999999947
11
44.4125299999999967
21
-170.0548379999999895
0
LINE
8
BLACK
6
CONTINUOUS
10
44.4125299999999967
20
-170.0548379999999895
11
44.3172919999999948
21
-169.9595999999999947
0
LINE
8
BLACK
6
CONTINUOUS
10
44.3172919999999948
20
-169.9595999999999947
11
44.4125299999999967
21
-169.8643610000000024
0
LINE
8
BLACK
6
CONTINUOUS
10
44.4125299999999967
20
-169.8643610000000024
11
44.4125299999999967
21
-170.0548379999999895
0
LINE
8
BLACK
6
CONTINUOUS
10
45.7458629999999999
20
-168.0548379999999895
11
45.9363400000000013
21
-168.0548379999999895
0
LINE
8
BLACK
6
CONTINUOUS
10
45.9363400000000013
20
-168.0548379999999895
11
46.126815999999998
21
-168.1500759999999843
0
LINE
8
BLACK
6
CONTINUOUS
10
46.126815999999998
20
-168.1500759999999843
11
46.222054
21
-168.2453139999999792
0
LINE
8
BLACK
6
CONTINUOUS
10
46.222054
20
-168.2453139999999792
11
46.3172919999999948
21
-168.4357899999999972
0
LINE
8
BLACK
6
CONTINUOUS
10
46.3172919999999948
20
-168.4357899999999972
11
46.4125299999999967
21
-168.816742000000005
0
LINE
8
BLACK
6
CONTINUOUS
10
46.4125299999999967
20
-168.816742000000005
11
46.4125299999999967
21
-169.292933000000005
0
LINE
8
BLACK
6
CONTINUOUS
10
46.4125299999999967
20
-169.292933000000005
11
46.3172919999999948
21
-169.6738849999999843
0
LINE
8
BLACK
6
CONTINUOUS
10
46.3172919999999948
20
-169.6738849999999843
11
46.222054
21
-169.8643610000000024
0
LINE
8
BLACK
6
CONTINUOUS
10
46.222054
20
-169.8643610000000024
11
46.126815999999998
21
-169.9595999999999947
0
LINE
8
BLACK
6
CONTINUOUS
10
46.126815999999998
20
-169.9595999999999947
11
45.9363400000000013
21
-170.0548379999999895
0
LINE
8
BLACK
6
CONTINUOUS
10
45.9363400000000013
20
-170.0548379999999895
11
45.7458629999999999
21
-170.0548379999999895
0
LINE
8
BLACK
6
CONTINUOUS
10
45.7458629999999999
20
-170.0548379999999895
11
45.5553869999999961
21
-169.9595999999999947
0
LINE
8
BLACK
6
CONTINUOUS
10
45.5553869999999961
20
-169.9595999999999947
11
45.4601490000000013
21
-169.8643610000000024
0
LINE
8
BLACK
6
CONTINUOUS
10
45.4601490000000013
20
-169.8643610000000024
11
45.3649109999999993
21
-169.6738849999999843
0
LINE
8
BLACK
6
CONTINUOUS
10
45.3649109999999993
20
-169.6738849999999843
11
45.2696729999999974
21
-169.292933000000005
0
LINE
8
BLACK
6
CONTINUOUS
10
45.2696729999999974
20
-169.292933000000005
11
45.2696729999999974
21
-168.816742000000005
0
LINE
8
BLACK
6
CONTINUOUS
10
45.2696729999999974
20
-168.816742000000005
11
45.3649109999999993
21
-168.4357899999999972
0
LINE
8
BLACK
6
CONTINUOUS
10
45.3649109999999993
20
-168.4357899999999972
11
45.4601490000000013
21
-168.2453139999999792
0
LINE
8
BLACK
6
CONTINUOUS
10
45.4601490000000013
20
-168.2453139999999792
11
45.5553869999999961
21
-168.1500759999999843
0
LINE
8
BLACK
6
CONTINUOUS
10
45.5553869999999961
20
-168.1500759999999843
11
45.7458629999999999
21
-168.0548379999999895
0
LINE
8
BLACK
6
CONTINUOUS
10
47.650624999999998
20
-168.0548379999999895
11
47.8411019999999994
21
-168.0548379999999895
0
LINE
8
BLACK
6
CONTINUOUS
10
47.8411019999999994
20
-168.0548379999999895
11
48.0315779999999961
21
-168.1500759999999843
0
LINE
8
BLACK
6
CONTINUOUS
10
48.0315779999999961
20
-168.1500759999999843
11
48.126815999999998
21
-168.2453139999999792
0
LINE
8
BLACK
6
CONTINUOUS
10
48.126815999999998
20
-168.2453139999999792
11
48.222054
21
-168.4357899999999972
0
LINE
8
BLACK
6
CONTINUOUS
10
48.222054
20
-168.4357899999999972
11
48.3172919999999948
21
-168.816742000000005
0
LINE
8
BLACK
6
CONTINUOUS
10
48.3172919999999948
20
-168.816742000000005
11
48.3172919999999948
21
-169.292933000000005
0
LINE
8
BLACK
6
CONTINUOUS
10
48.3172919999999948
20
-169.292933000000005
11
48.222054
21
-169.6738849999999843
0
LINE
8
BLACK
6
CONTINUOUS
10
48.222054
20
-169.6738849999999843
11
48.126815999999998
21
-169.8643610000000024
0
LINE
8
BLACK
6
CONTINUOUS
10
48.126815999999998
20
-169.8643610000000024
11
48.0315779999999961
21
-169.9595999999999947
0
LINE
8
BLACK
6
CONTINUOUS
10
48.0315779999999961
20
-169.9595999999999947
11
47.8411019999999994
21
-170.0548379999999895
0
LINE
8
BLACK
6
CONTINUOUS
10
47.8411019999999994
20
-170.0548379999999895
11
47.650624999999998
21
-170.0548379999999895
0
LINE
8
BLACK
6
CONTINUOUS
10
47.650624999999998
20
-170.0548379999999895
11
47.4601490000000013
21
-169.9595999999999947
0
LINE
8
BLACK
6
CONTINUOUS
10
47.4601490000000013
20
-169.9595999999999947
11
47.3649109999999993
21
-169.8643610000000024
0
LINE
8
BLACK
6
CONTINUOUS
10
47.3649109999999993
20
-169.8643610000000024
11
47.2696729999999974
21
-169.6738849999999843
0
LINE
8
BLACK
6
CONTINUOUS
10
47.2696729999999974
20
-169.6738849999999843
11
47.1744349999999955
21
-169.292933000000005
0
LINE
8
BLACK
6
CONTINUOUS
10
47.1744349999999955
20
-169.292933000000005
11
47.1744349999999955
21
-168.816742000000005
0
LINE
8
BLACK
6
CONTINUOUS
10
47.1744349999999955
20
-168.816742000000005
11
47.2696729999999974
21
-168.4357899999999972
0
LINE
8
BLACK
6
CONTINUOUS
10
47.2696729999999974
20
-168.4357899999999972
11
47.3649109999999993
21
-168.2453139999999792
0
LINE
8
BLACK
6
CONTINUOUS
10
47.3649109999999993
20
-168.2453139999999792
11
47.4601490000000013
21
-168.1500759999999843
0
LINE
8
BLACK
6
CONTINUOUS
10
47.4601490000000013
20
-168.1500759999999843
11
47.650624999999998
21
-168.0548379999999895
0
LINE
8
BLACK
6
CONTINUOUS
10
49.5553869999999961
20
-168.0548379999999895
11
49.7458639999999974
21
-168.0548379999999895
0
LINE
8
BLACK
6
CONTINUOUS
10
49.7458639999999974
20
-168.0548379999999895
11
49.9363400000000013
21
-168.1500759999999843
0
LINE
8
BLACK
6
CONTINUOUS
10
49.9363400000000013
20
-168.1500759999999843
11
50.0315779999999961
21
-168.2453139999999792
0
LINE
8
BLACK
6
CONTINUOUS
10
50.0315779999999961
20
-168.2453139999999792
11
50.126815999999998
21
-168.4357899999999972
0
LINE
8
BLACK
6
CONTINUOUS
10
50.126815999999998
20
-168.4357899999999972
11
50.222054
21
-168.816742000000005
0
LINE
8
BLACK
6
CONTINUOUS
10
50.222054
20
-168.816742000000005
11
50.222054
21
-169.292933000000005
0
LINE
8
BLACK
6
CONTINUOUS
10
50.222054
20
-169.292933000000005
11
50.126815999999998
21
-169.6738849999999843
0
LINE
8
BLACK
6
CONTINUOUS
10
50.126815999999998
20
-169.6738849999999843
11
50.0315779999999961
21
-169.8643610000000024
0
LINE
8
BLACK
6
CONTINUOUS
10
50.0315779999999961
20
-169.8643610000000024
11
49.9363400000000013
21
-169.9595999999999947
0
LINE
8
BLACK
6
CONTINUOUS
10
49.9363400000000013
20
-169.9595999999999947
11
49.7458639999999974
21
-170.0548379999999895
0
LINE
8
BLACK
6
CONTINUOUS
10
49.7458639999999974
20
-170.0548379999999895
11
49.5553869999999961
21
-170.0548379999999895
0
LINE
8
BLACK
6
CONTINUOUS
10
49.5553869999999961
20
-170.0548379999999895
11
49.3649109999999993
21
-169.9595999999999947
0
LINE
8
BLACK
6
CONTINUOUS
10
49.3649109999999993
20
-169.9595999999999947
11
49.2696729999999974
21
-169.8643610000000024
0
LINE
8
BLACK
6
CONTINUOUS
10
49.2696729999999974
20
-169.8643610000000024
11
49.1744349999999955
21
-169.6738849999999843
0
LINE
8
BLACK
6
CONTINUOUS
10
49.1744349999999955
20
-169.6738849999999843
11
49.0791970000000006
21
-169.292933000000005
0
LINE
8
BLACK
6
CONTINUOUS
10
49.0791970000000006
20
-169.292933000000005
11
49.0791970000000006
21
-168.816742000000005
0
LINE
8
BLACK
6
CONTINUOUS
10
49.0791970000000006
20
-168.816742000000005
11
49.1744349999999955
21
-168.4357899999999972
0
LINE
8
BLACK
6
CONTINUOUS
10
49.1744349999999955
20
-168.4357899999999972
11
49.2696729999999974
21
-168.2453139999999792
0
LINE
8
BLACK
6
CONTINUOUS
10
49.2696729999999974
20
-168.2453139999999792
11
49.3649109999999993
21
-168.1500759999999843
0
LINE
8
BLACK
6
CONTINUOUS
10
49.3649109999999993
20
-168.1500759999999843
11
49.5553869999999961
21
-168.0548379999999895
0
LINE
8
BLACK
6
CONTINUOUS
10
51.0791970000000006
20
-170.0548379999999895
11
51.0791970000000006
21
-168.7215039999999817
0
LINE
8
BLACK
6
CONTINUOUS
10
51.0791970000000006
20
-168.9119799999999998
11
51.1744349999999955
21
-168.816742000000005
0
LINE
8
BLACK
6
CONTINUOUS
10
51.1744349999999955
20
-168.816742000000005
11
51.3649109999999993
21
-168.7215039999999817
0
LINE
8
BLACK
6
CONTINUOUS
10
51.3649109999999993
20
-168.7215039999999817
11
51.6506259999999955
21
-168.7215039999999817
0
LINE
8
BLACK
6
CONTINUOUS
10
51.6506259999999955
20
-168.7215039999999817
11
51.8411019999999994
21
-168.816742000000005
0
LINE
8
BLACK
6
CONTINUOUS
10
51.8411019999999994
20
-168.816742000000005
11
51.9363399999999942
21
-169.0072189999999921
0
LINE
8
BLACK
6
CONTINUOUS
10
51.9363399999999942
20
-169.0072189999999921
11
51.9363399999999942
21
-170.0548379999999895
0
LINE
8
BLACK
6
CONTINUOUS
10
51.9363399999999942
20
-169.0072189999999921
11
52.0315779999999961
21
-168.816742000000005
0
LINE
8
BLACK
6
CONTINUOUS
10
52.0315779999999961
20
-168.816742000000005
11
52.222054
21
-168.7215039999999817
0
LINE
8
BLACK
6
CONTINUOUS
10
52.222054
20
-168.7215039999999817
11
52.5077679999999987
21
-168.7215039999999817
0
LINE
8
BLACK
6
CONTINUOUS
10
52.5077679999999987
20
-168.7215039999999817
11
52.698245
21
-168.816742000000005
0
LINE
8
BLACK
6
CONTINUOUS
10
52.698245
20
-168.816742000000005
11
52.7934829999999948
21
-169.0072189999999921
0
LINE
8
BLACK
6
CONTINUOUS
10
52.7934829999999948
20
-169.0072189999999921
11
52.7934829999999948
21
-170.0548379999999895
0
LINE
8
BLACK
6
CONTINUOUS
10
53.7458639999999974
20
-170.0548379999999895
11
53.7458639999999974
21
-168.7215039999999817
0
LINE
8
BLACK
6
CONTINUOUS
10
53.7458639999999974
20
-168.9119799999999998
11
53.8411019999999994
21
-168.816742000000005
0
LINE
8
BLACK
6
CONTINUOUS
10
53.8411019999999994
20
-168.816742000000005
11
54.0315779999999961
21
-168.7215039999999817
0
LINE
8
BLACK
6
CONTINUOUS
10
54.0315779999999961
20
-168.7215039999999817
11
54.3172929999999994
21
-168.7215039999999817
0
LINE
8
BLACK
6
CONTINUOUS
10
54.3172929999999994
20
-168.7215039999999817
11
54.5077689999999961
21
-168.816742000000005
0
LINE
8
BLACK
6
CONTINUOUS
10
54.5077689999999961
20
-168.816742000000005
11
54.6030069999999981
21
-169.0072189999999921
0
LINE
8
BLACK
6
CONTINUOUS
10
54.6030069999999981
20
-169.0072189999999921
11
54.6030069999999981
21
-170.0548379999999895
0
LINE
8
BLACK
6
CONTINUOUS
10
54.6030069999999981
20
-169.0072189999999921
11
54.698245
21
-168.816742000000005
0
LINE
8
BLACK
6
CONTINUOUS
10
54.698245
20
-168.816742000000005
11
54.8887209999999968
21
-168.7215039999999817
0
LINE
8
BLACK
6
CONTINUOUS
10
54.8887209999999968
20
-168.7215039999999817
11
55.1744349999999955
21
-168.7215039999999817
0
LINE
8
BLACK
6
CONTINUOUS
10
55.1744349999999955
20
-168.7215039999999817
11
55.3649119999999968
21
-168.816742000000005
0
LINE
8
BLACK
6
CONTINUOUS
10
55.3649119999999968
20
-168.816742000000005
11
55.4601499999999987
21
-169.0072189999999921
0
LINE
8
BLACK
6
CONTINUOUS
10
55.4601499999999987
20
-169.0072189999999921
11
55.4601499999999987
21
-170.0548379999999895
0
LINE
8
BLACK
6
CONTINUOUS
10
59.3649119999999968
20
-167.9595999999999947
11
57.6506270000000001
21
-170.5310279999999921
0
LINE
8
BLACK
6
CONTINUOUS
10
61.9363409999999988
20
-168.0548379999999895
11
62.1268180000000001
21
-168.0548379999999895
0
LINE
8
BLACK
6
CONTINUOUS
10
62.1268180000000001
20
-168.0548379999999895
11
62.3172939999999969
21
-168.1500759999999843
0
LINE
8
BLACK
6
CONTINUOUS
10
62.3172939999999969
20
-168.1500759999999843
11
62.4125319999999988
21
-168.2453139999999792
0
LINE
8
BLACK
6
CONTINUOUS
10
62.4125319999999988
20
-168.2453139999999792
11
62.5077700000000007
21
-168.4357899999999972
0
LINE
8
BLACK
6
CONTINUOUS
10
62.5077700000000007
20
-168.4357899999999972
11
62.6030079999999955
21
-168.816742000000005
0
LINE
8
BLACK
6
CONTINUOUS
10
62.6030079999999955
20
-168.816742000000005
11
62.6030079999999955
21
-169.292933000000005
0
LINE
8
BLACK
6
CONTINUOUS
10
62.6030079999999955
20
-169.292933000000005
11
62.5077700000000007
21
-169.6738849999999843
0
LINE
8
BLACK
6
CONTINUOUS
10
62.5077700000000007
20
-169.6738849999999843
11
62.4125319999999988
21
-169.8643610000000024
0
LINE
8
BLACK
6
CONTINUOUS
10
62.4125319999999988
20
-169.8643610000000024
11
62.3172939999999969
21
-169.9595999999999947
0
LINE
8
BLACK
6
CONTINUOUS
10
62.3172939999999969
20
-169.9595999999999947
11
62.1268180000000001
21
-170.0548379999999895
0
LINE
8
BLACK
6
CONTINUOUS
10
62.1268180000000001
20
-170.0548379999999895
11
61.9363409999999988
21
-170.0548379999999895
0
LINE
8
BLACK
6
CONTINUOUS
10
61.9363409999999988
20
-170.0548379999999895
11
61.7458649999999949
21
-169.9595999999999947
0
LINE
8
BLACK
6
CONTINUOUS
10
61.7458649999999949
20
-169.9595999999999947
11
61.6506270000000001
21
-169.8643610000000024
0
LINE
8
BLACK
6
CONTINUOUS
10
61.6506270000000001
20
-169.8643610000000024
11
61.5553889999999981
21
-169.6738849999999843
0
LINE
8
BLACK
6
CONTINUOUS
10
61.5553889999999981
20
-169.6738849999999843
11
61.4601509999999962
21
-169.292933000000005
0
LINE
8
BLACK
6
CONTINUOUS
10
61.4601509999999962
20
-169.292933000000005
11
61.4601509999999962
21
-168.816742000000005
0
LINE
8
BLACK
6
CONTINUOUS
10
61.4601509999999962
20
-168.816742000000005
11
61.5553889999999981
21
-168.4357899999999972
0
LINE
8
BLACK
6
CONTINUOUS
10
61.5553889999999981
20
-168.4357899999999972
11
61.6506270000000001
21
-168.2453139999999792
0
LINE
8
BLACK
6
CONTINUOUS
10
61.6506270000000001
20
-168.2453139999999792
11
61.7458649999999949
21
-168.1500759999999843
0
LINE
8
BLACK
6
CONTINUOUS
10
61.7458649999999949
20
-168.1500759999999843
11
61.9363409999999988
21
-168.0548379999999895
0
LINE
8
BLACK
6
CONTINUOUS
10
63.4601509999999962
20
-169.8643610000000024
11
63.5553889999999981
21
-169.9595999999999947
0
LINE
8
BLACK
6
CONTINUOUS
10
63.5553889999999981
20
-169.9595999999999947
11
63.4601509999999962
21
-170.0548379999999895
0
LINE
8
BLACK
6
CONTINUOUS
10
63.4601509999999962
20
-170.0548379999999895
11
63.3649129999999943
21
-169.9595999999999947
0
LINE
8
BLACK
6
CONTINUOUS
10
63.3649129999999943
20
-169.9595999999999947
11
63.4601509999999962
21
-169.8643610000000024
0
LINE
8
BLACK
6
CONTINUOUS
10
63.4601509999999962
20
-169.8643610000000024
11
63.4601509999999962
21
-170.0548379999999895
0
LINE
8
BLACK
6
CONTINUOUS
10
64.7934839999999923
20
-168.0548379999999895
11
64.9839609999999936
21
-168.0548379999999895
0
LINE
8
BLACK
6
CONTINUOUS
10
64.9839609999999936
20
-168.0548379999999895
11
65.1744369999999975
21
-168.1500759999999843
0
LINE
8
BLACK
6
CONTINUOUS
10
65.1744369999999975
20
-168.1500759999999843
11
65.2696749999999923
21
-168.2453139999999792
0
LINE
8
BLACK
6
CONTINUOUS
10
65.2696749999999923
20
-168.2453139999999792
11
65.3649130000000014
21
-168.4357899999999972
0
LINE
8
BLACK
6
CONTINUOUS
10
65.3649130000000014
20
-168.4357899999999972
11
65.4601509999999962
21
-168.816742000000005
0
LINE
8
BLACK
6
CONTINUOUS
10
65.4601509999999962
20
-168.816742000000005
11
65.4601509999999962
21
-169.292933000000005
0
LINE
8
BLACK
6
CONTINUOUS
10
65.4601509999999962
20
-169.292933000000005
11
65.3649130000000014
21
-169.6738849999999843
0
LINE
8
BLACK
6
CONTINUOUS
10
65.3649130000000014
20
-169.6738849999999843
11
65.2696749999999923
21
-169.8643610000000024
0
LINE
8
BLACK
6
CONTINUOUS
10
65.2696749999999923
20
-169.8643610000000024
11
65.1744369999999975
21
-169.9595999999999947
0
LINE
8
BLACK
6
CONTINUOUS
10
65.1744369999999975
20
-169.9595999999999947
11
64.9839609999999936
21
-170.0548379999999895
0
LINE
8
BLACK
6
CONTINUOUS
10
64.9839609999999936
20
-170.0548379999999895
11
64.7934839999999923
21
-170.0548379999999895
0
LINE
8
BLACK
6
CONTINUOUS
10
64.7934839999999923
20
-170.0548379999999895
11
64.6030080000000027
21
-169.9595999999999947
0
LINE
8
BLACK
6
CONTINUOUS
10
64.6030080000000027
20
-169.9595999999999947
11
64.5077699999999936
21
-169.8643610000000024
0
LINE
8
BLACK
6
CONTINUOUS
10
64.5077699999999936
20
-169.8643610000000024
11
64.4125319999999988
21
-169.6738849999999843
0
LINE
8
BLACK
6
CONTINUOUS
10
64.4125319999999988
20
-169.6738849999999843
11
64.317294000000004
21
-169.292933000000005
0
LINE
8
BLACK
6
CONTINUOUS
10
64.317294000000004
20
-169.292933000000005
11
64.317294000000004
21
-168.816742000000005
0
LINE
8
BLACK
6
CONTINUOUS
10
64.317294000000004
20
-168.816742000000005
11
64.4125319999999988
21
-168.4357899999999972
0
LINE
8
BLACK
6
CONTINUOUS
10
64.4125319999999988
20
-168.4357899999999972
11
64.5077699999999936
21
-168.2453139999999792
0
LINE
8
BLACK
6
CONTINUOUS
10
64.5077699999999936
20
-168.2453139999999792
11
64.6030080000000027
21
-168.1500759999999843
0
LINE
8
BLACK
6
CONTINUOUS
10
64.6030080000000027
20
-168.1500759999999843
11
64.7934839999999923
21
-168.0548379999999895
0
LINE
8
BLACK
6
CONTINUOUS
10
66.1268180000000001
20
-168.0548379999999895
11
67.3649130000000014
21
-168.0548379999999895
0
LINE
8
BLACK
6
CONTINUOUS
10
67.3649130000000014
20
-168.0548379999999895
11
66.6982459999999975
21
-168.816742000000005
0
LINE
8
BLACK
6
CONTINUOUS
10
66.6982459999999975
20
-168.816742000000005
11
66.9839609999999936
21
-168.816742000000005
0
LINE
8
BLACK
6
CONTINUOUS
10
66.9839609999999936
20
-168.816742000000005
11
67.1744369999999975
21
-168.9119799999999998
0
LINE
8
BLACK
6
CONTINUOUS
10
67.1744369999999975
20
-168.9119799999999998
11
67.2696749999999923
21
-169.0072189999999921
0
LINE
8
BLACK
6
CONTINUOUS
10
67.2696749999999923
20
-169.0072189999999921
11
67.3649130000000014
21
-169.1976949999999817
0
LINE
8
BLACK
6
CONTINUOUS
10
67.3649130000000014
20
-169.1976949999999817
11
67.3649130000000014
21
-169.6738849999999843
0
LINE
8
BLACK
6
CONTINUOUS
10
67.3649130000000014
20
-169.6738849999999843
11
67.2696749999999923
21
-169.8643610000000024
0
LINE
8
BLACK
6
CONTINUOUS
10
67.2696749999999923
20
-169.8643610000000024
11
67.1744369999999975
21
-169.9595999999999947
0
LINE
8
BLACK
6
CONTINUOUS
10
67.1744369999999975
20
-169.9595999999999947
11
66.9839609999999936
21
-170.0548379999999895
0
LINE
8
BLACK
6
CONTINUOUS
10
66.9839609999999936
20
-170.0548379999999895
11
66.4125319999999988
21
-170.0548379999999895
0
LINE
8
BLACK
6
CONTINUOUS
10
66.4125319999999988
20
-170.0548379999999895
11
66.2220559999999949
21
-169.9595999999999947
0
LINE
8
BLACK
6
CONTINUOUS
10
66.2220559999999949
20
-169.9595999999999947
11
66.1268180000000001
21
-169.8643610000000024
0
LINE
8
BLACK
6
CONTINUOUS
10
68.317294000000004
20
-170.0548379999999895
11
68.6982459999999975
21
-170.0548379999999895
0
LINE
8
BLACK
6
CONTINUOUS
10
68.6982459999999975
20
-170.0548379999999895
11
68.8887229999999988
21
-169.9595999999999947
0
LINE
8
BLACK
6
CONTINUOUS
10
68.8887229999999988
20
-169.9595999999999947
11
68.9839609999999936
21
-169.8643610000000024
0
LINE
8
BLACK
6
CONTINUOUS
10
68.9839609999999936
20
-169.8643610000000024
11
69.1744369999999975
21
-169.5786469999999895
0
LINE
8
BLACK
6
CONTINUOUS
10
69.1744369999999975
20
-169.5786469999999895
11
69.2696749999999923
21
-169.1976949999999817
0
LINE
8
BLACK
6
CONTINUOUS
10
69.2696749999999923
20
-169.1976949999999817
11
69.2696749999999923
21
-168.4357899999999972
0
LINE
8
BLACK
6
CONTINUOUS
10
69.2696749999999923
20
-168.4357899999999972
11
69.1744369999999975
21
-168.2453139999999792
0
LINE
8
BLACK
6
CONTINUOUS
10
69.1744369999999975
20
-168.2453139999999792
11
69.0791990000000027
21
-168.1500759999999843
0
LINE
8
BLACK
6
CONTINUOUS
10
69.0791990000000027
20
-168.1500759999999843
11
68.8887229999999988
21
-168.0548379999999895
0
LINE
8
BLACK
6
CONTINUOUS
10
68.8887229999999988
20
-168.0548379999999895
11
68.5077699999999936
21
-168.0548379999999895
0
LINE
8
BLACK
6
CONTINUOUS
10
68.5077699999999936
20
-168.0548379999999895
11
68.317294000000004
21
-168.1500759999999843
0
LINE
8
BLACK
6
CONTINUOUS
10
68.317294000000004
20
-168.1500759999999843
11
68.2220559999999949
21
-168.2453139999999792
0
LINE
8
BLACK
6
CONTINUOUS
10
68.2220559999999949
20
-168.2453139999999792
11
68.1268180000000001
21
-168.4357899999999972
0
LINE
8
BLACK
6
CONTINUOUS
10
68.1268180000000001
20
-168.4357899999999972
11
68.1268180000000001
21
-168.9119799999999998
0
LINE
8
BLACK
6
CONTINUOUS
10
68.1268180000000001
20
-168.9119799999999998
11
68.2220559999999949
21
-169.1024569999999869
0
LINE
8
BLACK
6
CONTINUOUS
10
68.2220559999999949
20
-169.1024569999999869
11
68.317294000000004
21
-169.1976949999999817
0
LINE
8
BLACK
6
CONTINUOUS
10
68.317294000000004
20
-169.1976949999999817
11
68.5077699999999936
21
-169.292933000000005
0
LINE
8
BLACK
6
CONTINUOUS
10
68.5077699999999936
20
-169.292933000000005
11
68.8887229999999988
21
-169.292933000000005
0
LINE
8
BLACK
6
CONTINUOUS
10
68.8887229999999988
20
-169.292933000000005
11
69.0791990000000027
21
-169.1976949999999817
0
LINE
8
BLACK
6
CONTINUOUS
10
69.0791990000000027
20
-169.1976949999999817
11
69.1744369999999975
21
-169.1024569999999869
0
LINE
8
BLACK
6
CONTINUOUS
10
69.1744369999999975
20
-169.1024569999999869
11
69.2696749999999923
21
-168.9119799999999998
0
LINE
8
BLACK
6
CONTINUOUS
10
70.9839609999999936
20
-168.7215039999999817
11
70.9839609999999936
21
-170.0548379999999895
0
LINE
8
BLACK
6
CONTINUOUS
10
70.5077699999999936
20
-167.9595999999999947
11
70.0315799999999911
21
-169.3881709999999998
0
LINE
8
BLACK
6
CONTINUOUS
10
70.0315799999999911
20
-169.3881709999999998
11
71.2696749999999923
21
-169.3881709999999998
0
LINE
8
BLACK
6
CONTINUOUS
10
71.9363419999999962
20
-168.0548379999999895
11
71.9363419999999962
21
-168.4357899999999972
0
LINE
8
BLACK
6
CONTINUOUS
10
72.698246999999995
20
-168.0548379999999895
11
72.698246999999995
21
-168.4357899999999972
0
LINE
8
BLACK
6
CONTINUOUS
10
75.650628999999995
20
-170.816742000000005
11
75.5553900000000027
21
-170.7215039999999817
0
LINE
8
BLACK
6
CONTINUOUS
10
75.5553900000000027
20
-170.7215039999999817
11
75.3649139999999989
21
-170.4357899999999972
0
LINE
8
BLACK
6
CONTINUOUS
10
75.3649139999999989
20
-170.4357899999999972
11
75.2696759999999898
21
-170.2453139999999792
0
LINE
8
BLACK
6
CONTINUOUS
10
75.2696759999999898
20
-170.2453139999999792
11
75.174437999999995
21
-169.9595999999999947
0
LINE
8
BLACK
6
CONTINUOUS
10
75.174437999999995
20
-169.9595999999999947
11
75.0792000000000002
21
-169.4834089999999946
0
LINE
8
BLACK
6
CONTINUOUS
10
75.0792000000000002
20
-169.4834089999999946
11
75.0792000000000002
21
-169.1024569999999869
0
LINE
8
BLACK
6
CONTINUOUS
10
75.0792000000000002
20
-169.1024569999999869
11
75.174437999999995
21
-168.6262659999999869
0
LINE
8
BLACK
6
CONTINUOUS
10
75.174437999999995
20
-168.6262659999999869
11
75.2696759999999898
21
-168.3405520000000024
0
LINE
8
BLACK
6
CONTINUOUS
10
75.2696759999999898
20
-168.3405520000000024
11
75.3649139999999989
21
-168.1500759999999843
0
LINE
8
BLACK
6
CONTINUOUS
10
75.3649139999999989
20
-168.1500759999999843
11
75.5553900000000027
21
-167.8643610000000024
0
LINE
8
BLACK
6
CONTINUOUS
10
75.5553900000000027
20
-167.8643610000000024
11
75.650628999999995
21
-167.7691229999999791
0
LINE
8
BLACK
6
CONTINUOUS
10
77.4601519999999937
20
-170.0548379999999895
11
76.3172950000000014
21
-170.0548379999999895
0
LINE
8
BLACK
6
CONTINUOUS
10
76.8887229999999988
20
-170.0548379999999895
11
76.8887229999999988
21
-168.0548379999999895
0
LINE
8
BLACK
6
CONTINUOUS
10
76.8887229999999988
20
-168.0548379999999895
11
76.698246999999995
21
-168.3405520000000024
0
LINE
8
BLACK
6
CONTINUOUS
10
76.698246999999995
20
-168.3405520000000024
11
76.5077709999999911
21
-168.5310279999999921
0
LINE
8
BLACK
6
CONTINUOUS
10
76.5077709999999911
20
-168.5310279999999921
11
76.3172950000000014
21
-168.6262659999999869
0
LINE
8
BLACK
6
CONTINUOUS
10
78.6030090000000001
20
-168.9119799999999998
11
78.4125329999999963
21
-168.816742000000005
0
LINE
8
BLACK
6
CONTINUOUS
10
78.4125329999999963
20
-168.816742000000005
11
78.3172950000000014
21
-168.7215039999999817
0
LINE
8
BLACK
6
CONTINUOUS
10
78.3172950000000014
20
-168.7215039999999817
11
78.2220569999999924
21
-168.5310279999999921
0
LINE
8
BLACK
6
CONTINUOUS
10
78.2220569999999924
20
-168.5310279999999921
11
78.2220569999999924
21
-168.4357899999999972
0
LINE
8
BLACK
6
CONTINUOUS
10
78.2220569999999924
20
-168.4357899999999972
11
78.3172950000000014
21
-168.2453139999999792
0
LINE
8
BLACK
6
CONTINUOUS
10
78.3172950000000014
20
-168.2453139999999792
11
78.4125329999999963
21
-168.1500759999999843
0
LINE
8
BLACK
6
CONTINUOUS
10
78.4125329999999963
20
-168.1500759999999843
11
78.6030090000000001
21
-168.0548379999999895
0
LINE
8
BLACK
6
CONTINUOUS
10
78.6030090000000001
20
-168.0548379999999895
11
78.9839619999999911
21
-168.0548379999999895
0
LINE
8
BLACK
6
CONTINUOUS
10
78.9839619999999911
20
-168.0548379999999895
11
79.174437999999995
21
-168.1500759999999843
0
LINE
8
BLACK
6
CONTINUOUS
10
79.174437999999995
20
-168.1500759999999843
11
79.2696759999999898
21
-168.2453139999999792
0
LINE
8
BLACK
6
CONTINUOUS
10
79.2696759999999898
20
-168.2453139999999792
11
79.3649139999999989
21
-168.4357899999999972
0
LINE
8
BLACK
6
CONTINUOUS
10
79.3649139999999989
20
-168.4357899999999972
11
79.3649139999999989
21
-168.5310279999999921
0
LINE
8
BLACK
6
CONTINUOUS
10
79.3649139999999989
20
-168.5310279999999921
11
79.2696759999999898
21
-168.7215039999999817
0
LINE
8
BLACK
6
CONTINUOUS
10
79.2696759999999898
20
-168.7215039999999817
11
79.174437999999995
21
-168.816742000000005
0
LINE
8
BLACK
6
CONTINUOUS
10
79.174437999999995
20
-168.816742000000005
11
78.9839619999999911
21
-168.9119799999999998
0
LINE
8
BLACK
6
CONTINUOUS
10
78.9839619999999911
20
-168.9119799999999998
11
78.6030090000000001
21
-168.9119799999999998
0
LINE
8
BLACK
6
CONTINUOUS
10
78.6030090000000001
20
-168.9119799999999998
11
78.4125329999999963
21
-169.0072189999999921
0
LINE
8
BLACK
6
CONTINUOUS
10
78.4125329999999963
20
-169.0072189999999921
11
78.3172950000000014
21
-169.1024569999999869
0
LINE
8
BLACK
6
CONTINUOUS
10
78.3172950000000014
20
-169.1024569999999869
11
78.2220569999999924
21
-169.292933000000005
0
LINE
8
BLACK
6
CONTINUOUS
10
78.2220569999999924
20
-169.292933000000005
11
78.2220569999999924
21
-169.6738849999999843
0
LINE
8
BLACK
6
CONTINUOUS
10
78.2220569999999924
20
-169.6738849999999843
11
78.3172950000000014
21
-169.8643610000000024
0
LINE
8
BLACK
6
CONTINUOUS
10
78.3172950000000014
20
-169.8643610000000024
11
78.4125329999999963
21
-169.9595999999999947
0
LINE
8
BLACK
6
CONTINUOUS
10
78.4125329999999963
20
-169.9595999999999947
11
78.6030090000000001
21
-170.0548379999999895
0
LINE
8
BLACK
6
CONTINUOUS
10
78.6030090000000001
20
-170.0548379999999895
11
78.9839619999999911
21
-170.0548379999999895
0
LINE
8
BLACK
6
CONTINUOUS
10
78.9839619999999911
20
-170.0548379999999895
11
79.174437999999995
21
-169.9595999999999947
0
LINE
8
BLACK
6
CONTINUOUS
10
79.174437999999995
20
-169.9595999999999947
11
79.2696759999999898
21
-169.8643610000000024
0
LINE
8
BLACK
6
CONTINUOUS
10
79.2696759999999898
20
-169.8643610000000024
11
79.3649139999999989
21
-169.6738849999999843
0
LINE
8
BLACK
6
CONTINUOUS
10
79.3649139999999989
20
-169.6738849999999843
11
79.3649139999999989
21
-169.292933000000005
0
LINE
8
BLACK
6
CONTINUOUS
10
79.3649139999999989
20
-169.292933000000005
11
79.2696759999999898
21
-169.1024569999999869
0
LINE
8
BLACK
6
CONTINUOUS
10
79.2696759999999898
20
-169.1024569999999869
11
79.174437999999995
21
-169.0072189999999921
0
LINE
8
BLACK
6
CONTINUOUS
10
79.174437999999995
20
-169.0072189999999921
11
78.9839619999999911
21
-168.9119799999999998
0
LINE
8
BLACK
6
CONTINUOUS
10
81.7458669999999898
20
-170.0548379999999895
11
81.7458669999999898
21
-168.0548379999999895
0
LINE
8
BLACK
6
CONTINUOUS
10
82.6030099999999976
20
-170.0548379999999895
11
82.6030099999999976
21
-169.0072189999999921
0
LINE
8
BLACK
6
CONTINUOUS
10
82.6030099999999976
20
-169.0072189999999921
11
82.5077720000000028
21
-168.816742000000005
0
LINE
8
BLACK
6
CONTINUOUS
10
82.5077720000000028
20
-168.816742000000005
11
82.3172959999999989
21
-168.7215039999999817
0
LINE
8
BLACK
6
CONTINUOUS
10
82.3172959999999989
20
-168.7215039999999817
11
82.0315810000000027
21
-168.7215039999999817
0
LINE
8
BLACK
6
CONTINUOUS
10
82.0315810000000027
20
-168.7215039999999817
11
81.8411049999999989
21
-168.816742000000005
0
LINE
8
BLACK
6
CONTINUOUS
10
81.8411049999999989
20
-168.816742000000005
11
81.7458669999999898
21
-168.9119799999999998
0
LINE
8
BLACK
6
CONTINUOUS
10
83.8411049999999989
20
-170.0548379999999895
11
83.650628999999995
21
-169.9595999999999947
0
LINE
8
BLACK
6
CONTINUOUS
10
83.650628999999995
20
-169.9595999999999947
11
83.5553910000000002
21
-169.8643610000000024
0
LINE
8
BLACK
6
CONTINUOUS
10
83.5553910000000002
20
-169.8643610000000024
11
83.4601529999999912
21
-169.6738849999999843
0
LINE
8
BLACK
6
CONTINUOUS
10
83.4601529999999912
20
-169.6738849999999843
11
83.4601529999999912
21
-169.1024569999999869
0
LINE
8
BLACK
6
CONTINUOUS
10
83.4601529999999912
20
-169.1024569999999869
11
83.5553910000000002
21
-168.9119799999999998
0
LINE
8
BLACK
6
CONTINUOUS
10
83.5553910000000002
20
-168.9119799999999998
11
83.650628999999995
21
-168.816742000000005
0
LINE
8
BLACK
6
CONTINUOUS
10
83.650628999999995
20
-168.816742000000005
11
83.8411049999999989
21
-168.7215039999999817
0
LINE
8
BLACK
6
CONTINUOUS
10
83.8411049999999989
20
-168.7215039999999817
11
84.126819999999995
21
-168.7215039999999817
0
LINE
8
BLACK
6
CONTINUOUS
10
84.126819999999995
20
-168.7215039999999817
11
84.3172959999999989
21
-168.816742000000005
0
LINE
8
BLACK
6
CONTINUOUS
10
84.3172959999999989
20
-168.816742000000005
11
84.4125339999999937
21
-168.9119799999999998
0
LINE
8
BLACK
6
CONTINUOUS
10
84.4125339999999937
20
-168.9119799999999998
11
84.5077720000000028
21
-169.1024569999999869
0
LINE
8
BLACK
6
CONTINUOUS
10
84.5077720000000028
20
-169.1024569999999869
11
84.5077720000000028
21
-169.6738849999999843
0
LINE
8
BLACK
6
CONTINUOUS
10
84.5077720000000028
20
-169.6738849999999843
11
84.4125339999999937
21
-169.8643610000000024
0
LINE
8
BLACK
6
CONTINUOUS
10
84.4125339999999937
20
-169.8643610000000024
11
84.3172959999999989
21
-169.9595999999999947
0
LINE
8
BLACK
6
CONTINUOUS
10
84.3172959999999989
20
-169.9595999999999947
11
84.126819999999995
21
-170.0548379999999895
0
LINE
8
BLACK
6
CONTINUOUS
10
84.126819999999995
20
-170.0548379999999895
11
83.8411049999999989
21
-170.0548379999999895
0
LINE
8
BLACK
6
CONTINUOUS
10
85.650628999999995
20
-170.0548379999999895
11
85.4601529999999912
21
-169.9595999999999947
0
LINE
8
BLACK
6
CONTINUOUS
10
85.4601529999999912
20
-169.9595999999999947
11
85.3649149999999963
21
-169.7691229999999791
0
LINE
8
BLACK
6
CONTINUOUS
10
85.3649149999999963
20
-169.7691229999999791
11
85.3649149999999963
21
-168.0548379999999895
0
LINE
8
BLACK
6
CONTINUOUS
10
87.1744389999999925
20
-169.9595999999999947
11
86.9839630000000028
21
-170.0548379999999895
0
LINE
8
BLACK
6
CONTINUOUS
10
86.9839630000000028
20
-170.0548379999999895
11
86.6030099999999976
21
-170.0548379999999895
0
LINE
8
BLACK
6
CONTINUOUS
10
86.6030099999999976
20
-170.0548379999999895
11
86.4125339999999937
21
-169.9595999999999947
0
LINE
8
BLACK
6
CONTINUOUS
10
86.4125339999999937
20
-169.9595999999999947
11
86.3172959999999989
21
-169.7691229999999791
0
LINE
8
BLACK
6
CONTINUOUS
10
86.3172959999999989
20
-169.7691229999999791
11
86.3172959999999989
21
-169.0072189999999921
0
LINE
8
BLACK
6
CONTINUOUS
10
86.3172959999999989
20
-169.0072189999999921
11
86.4125339999999937
21
-168.816742000000005
0
LINE
8
BLACK
6
CONTINUOUS
10
86.4125339999999937
20
-168.816742000000005
11
86.6030099999999976
21
-168.7215039999999817
0
LINE
8
BLACK
6
CONTINUOUS
10
86.6030099999999976
20
-168.7215039999999817
11
86.9839630000000028
21
-168.7215039999999817
0
LINE
8
BLACK
6
CONTINUOUS
10
86.9839630000000028
20
-168.7215039999999817
11
87.1744389999999925
21
-168.816742000000005
0
LINE
8
BLACK
6
CONTINUOUS
10
87.1744389999999925
20
-168.816742000000005
11
87.2696770000000015
21
-169.0072189999999921
0
LINE
8
BLACK
6
CONTINUOUS
10
87.2696770000000015
20
-169.0072189999999921
11
87.2696770000000015
21
-169.1976949999999817
0
LINE
8
BLACK
6
CONTINUOUS
10
87.2696770000000015
20
-169.1976949999999817
11
86.3172959999999989
21
-169.3881709999999998
0
LINE
8
BLACK
6
CONTINUOUS
10
88.0315820000000002
20
-169.9595999999999947
11
88.2220579999999899
21
-170.0548379999999895
0
LINE
8
BLACK
6
CONTINUOUS
10
88.2220579999999899
20
-170.0548379999999895
11
88.6030099999999976
21
-170.0548379999999895
0
LINE
8
BLACK
6
CONTINUOUS
10
88.6030099999999976
20
-170.0548379999999895
11
88.7934869999999989
21
-169.9595999999999947
0
LINE
8
BLACK
6
CONTINUOUS
10
88.7934869999999989
20
-169.9595999999999947
11
88.8887249999999938
21
-169.7691229999999791
0
LINE
8
BLACK
6
CONTINUOUS
10
88.8887249999999938
20
-169.7691229999999791
11
88.8887249999999938
21
-169.6738849999999843
0
LINE
8
BLACK
6
CONTINUOUS
10
88.8887249999999938
20
-169.6738849999999843
11
88.7934869999999989
21
-169.4834089999999946
0
LINE
8
BLACK
6
CONTINUOUS
10
88.7934869999999989
20
-169.4834089999999946
11
88.6030099999999976
21
-169.3881709999999998
0
LINE
8
BLACK
6
CONTINUOUS
10
88.6030099999999976
20
-169.3881709999999998
11
88.3172959999999989
21
-169.3881709999999998
0
LINE
8
BLACK
6
CONTINUOUS
10
88.3172959999999989
20
-169.3881709999999998
11
88.126819999999995
21
-169.292933000000005
0
LINE
8
BLACK
6
CONTINUOUS
10
88.126819999999995
20
-169.292933000000005
11
88.0315820000000002
21
-169.1024569999999869
0
LINE
8
BLACK
6
CONTINUOUS
10
88.0315820000000002
20
-169.1024569999999869
11
88.0315820000000002
21
-169.0072189999999921
0
LINE
8
BLACK
6
CONTINUOUS
10
88.0315820000000002
20
-169.0072189999999921
11
88.126819999999995
21
-168.816742000000005
0
LINE
8
BLACK
6
CONTINUOUS
10
88.126819999999995
20
-168.816742000000005
11
88.3172959999999989
21
-168.7215039999999817
0
LINE
8
BLACK
6
CONTINUOUS
10
88.3172959999999989
20
-168.7215039999999817
11
88.6030099999999976
21
-168.7215039999999817
0
LINE
8
BLACK
6
CONTINUOUS
10
88.6030099999999976
20
-168.7215039999999817
11
88.7934869999999989
21
-168.816742000000005
0
LINE
8
BLACK
6
CONTINUOUS
10
91.269677999999999
20
-169.292933000000005
11
92.7934879999999964
21
-169.292933000000005
0
LINE
8
BLACK
6
CONTINUOUS
10
92.0315829999999977
20
-170.0548379999999895
11
92.0315829999999977
21
-168.5310279999999921
0
LINE
8
BLACK
6
CONTINUOUS
10
95.0792019999999951
20
-168.0548379999999895
11
96.3172969999999964
21
-168.0548379999999895
0
LINE
8
BLACK
6
CONTINUOUS
10
96.3172969999999964
20
-168.0548379999999895
11
95.6506299999999925
21
-168.816742000000005
0
LINE
8
BLACK
6
CONTINUOUS
10
95.6506299999999925
20
-168.816742000000005
11
95.9363449999999887
21
-168.816742000000005
0
LINE
8
BLACK
6
CONTINUOUS
10
95.9363449999999887
20
-168.816742000000005
11
96.1268209999999925
21
-168.9119799999999998
0
LINE
8
BLACK
6
CONTINUOUS
10
96.1268209999999925
20
-168.9119799999999998
11
96.2220590000000016
21
-169.0072189999999921
0
LINE
8
BLACK
6
CONTINUOUS
10
96.2220590000000016
20
-169.0072189999999921
11
96.3172969999999964
21
-169.1976949999999817
0
LINE
8
BLACK
6
CONTINUOUS
10
96.3172969999999964
20
-169.1976949999999817
11
96.3172969999999964
21
-169.6738849999999843
0
LINE
8
BLACK
6
CONTINUOUS
10
96.3172969999999964
20
-169.6738849999999843
11
96.2220590000000016
21
-169.8643610000000024
0
LINE
8
BLACK
6
CONTINUOUS
10
96.2220590000000016
20
-169.8643610000000024
11
96.1268209999999925
21
-169.9595999999999947
0
LINE
8
BLACK
6
CONTINUOUS
10
96.1268209999999925
20
-169.9595999999999947
11
95.9363449999999887
21
-170.0548379999999895
0
LINE
8
BLACK
6
CONTINUOUS
10
95.9363449999999887
20
-170.0548379999999895
11
95.3649159999999938
21
-170.0548379999999895
0
LINE
8
BLACK
6
CONTINUOUS
10
95.3649159999999938
20
-170.0548379999999895
11
95.1744399999999899
21
-169.9595999999999947
0
LINE
8
BLACK
6
CONTINUOUS
10
95.1744399999999899
20
-169.9595999999999947
11
95.0792019999999951
21
-169.8643610000000024
0
LINE
8
BLACK
6
CONTINUOUS
10
98.6030119999999926
20
-169.9595999999999947
11
98.7934879999999964
21
-170.0548379999999895
0
LINE
8
BLACK
6
CONTINUOUS
10
98.7934879999999964
20
-170.0548379999999895
11
99.1744399999999899
21
-170.0548379999999895
0
LINE
8
BLACK
6
CONTINUOUS
10
99.1744399999999899
20
-170.0548379999999895
11
99.3649169999999913
21
-169.9595999999999947
0
LINE
8
BLACK
6
CONTINUOUS
10
99.3649169999999913
20
-169.9595999999999947
11
99.4601550000000003
21
-169.7691229999999791
0
LINE
8
BLACK
6
CONTINUOUS
10
99.4601550000000003
20
-169.7691229999999791
11
99.4601550000000003
21
-169.6738849999999843
0
LINE
8
BLACK
6
CONTINUOUS
10
99.4601550000000003
20
-169.6738849999999843
11
99.3649169999999913
21
-169.4834089999999946
0
LINE
8
BLACK
6
CONTINUOUS
10
99.3649169999999913
20
-169.4834089999999946
11
99.1744399999999899
21
-169.3881709999999998
0
LINE
8
BLACK
6
CONTINUOUS
10
99.1744399999999899
20
-169.3881709999999998
11
98.8887259999999912
21
-169.3881709999999998
0
LINE
8
BLACK
6
CONTINUOUS
10
98.8887259999999912
20
-169.3881709999999998
11
98.6982500000000016
21
-169.292933000000005
0
LINE
8
BLACK
6
CONTINUOUS
10
98.6982500000000016
20
-169.292933000000005
11
98.6030119999999926
21
-169.1024569999999869
0
LINE
8
BLACK
6
CONTINUOUS
10
98.6030119999999926
20
-169.1024569999999869
11
98.6030119999999926
21
-169.0072189999999921
0
LINE
8
BLACK
6
CONTINUOUS
10
98.6030119999999926
20
-169.0072189999999921
11
98.6982500000000016
21
-168.816742000000005
0
LINE
8
BLACK
6
CONTINUOUS
10
98.6982500000000016
20
-168.816742000000005
11
98.8887259999999912
21
-168.7215039999999817
0
LINE
8
BLACK
6
CONTINUOUS
10
98.8887259999999912
20
-168.7215039999999817
11
99.1744399999999899
21
-168.7215039999999817
0
LINE
8
BLACK
6
CONTINUOUS
10
99.1744399999999899
20
-168.7215039999999817
11
99.3649169999999913
21
-168.816742000000005
0
LINE
8
BLACK
6
CONTINUOUS
10
100.6030119999999926
20
-170.0548379999999895
11
100.4125359999999887
21
-169.9595999999999947
0
LINE
8
BLACK
6
CONTINUOUS
10
100.4125359999999887
20
-169.9595999999999947
11
100.3172979999999939
21
-169.7691229999999791
0
LINE
8
BLACK
6
CONTINUOUS
10
100.3172979999999939
20
-169.7691229999999791
11
100.3172979999999939
21
-168.0548379999999895
0
LINE
8
BLACK
6
CONTINUOUS
10
101.65063099999999
20
-170.0548379999999895
11
101.4601550000000003
21
-169.9595999999999947
0
LINE
8
BLACK
6
CONTINUOUS
10
101.4601550000000003
20
-169.9595999999999947
11
101.3649169999999913
21
-169.8643610000000024
0
LINE
8
BLACK
6
CONTINUOUS
10
101.3649169999999913
20
-169.8643610000000024
11
101.2696789999999964
21
-169.6738849999999843
0
LINE
8
BLACK
6
CONTINUOUS
10
101.2696789999999964
20
-169.6738849999999843
11
101.2696789999999964
21
-169.1024569999999869
0
LINE
8
BLACK
6
CONTINUOUS
10
101.2696789999999964
20
-169.1024569999999869
11
101.3649169999999913
21
-168.9119799999999998
0
LINE
8
BLACK
6
CONTINUOUS
10
101.3649169999999913
20
-168.9119799999999998
11
101.4601550000000003
21
-168.816742000000005
0
LINE
8
BLACK
6
CONTINUOUS
10
101.4601550000000003
20
-168.816742000000005
11
101.65063099999999
21
-168.7215039999999817
0
LINE
8
BLACK
6
CONTINUOUS
10
101.65063099999999
20
-168.7215039999999817
11
101.9363460000000003
21
-168.7215039999999817
0
LINE
8
BLACK
6
CONTINUOUS
10
101.9363460000000003
20
-168.7215039999999817
11
102.12682199999999
21
-168.816742000000005
0
LINE
8
BLACK
6
CONTINUOUS
10
102.12682199999999
20
-168.816742000000005
11
102.222059999999999
21
-168.9119799999999998
0
LINE
8
BLACK
6
CONTINUOUS
10
102.222059999999999
20
-168.9119799999999998
11
102.3172979999999939
21
-169.1024569999999869
0
LINE
8
BLACK
6
CONTINUOUS
10
102.3172979999999939
20
-169.1024569999999869
11
102.3172979999999939
21
-169.6738849999999843
0
LINE
8
BLACK
6
CONTINUOUS
10
102.3172979999999939
20
-169.6738849999999843
11
102.222059999999999
21
-169.8643610000000024
0
LINE
8
BLACK
6
CONTINUOUS
10
102.222059999999999
20
-169.8643610000000024
11
102.12682199999999
21
-169.9595999999999947
0
LINE
8
BLACK
6
CONTINUOUS
10
102.12682199999999
20
-169.9595999999999947
11
101.9363460000000003
21
-170.0548379999999895
0
LINE
8
BLACK
6
CONTINUOUS
10
101.9363460000000003
20
-170.0548379999999895
11
101.65063099999999
21
-170.0548379999999895
0
LINE
8
BLACK
6
CONTINUOUS
10
102.8887269999999887
20
-168.7215039999999817
11
103.65063099999999
21
-168.7215039999999817
0
LINE
8
BLACK
6
CONTINUOUS
10
103.1744410000000016
20
-168.0548379999999895
11
103.1744410000000016
21
-169.7691229999999791
0
LINE
8
BLACK
6
CONTINUOUS
10
103.1744410000000016
20
-169.7691229999999791
11
103.2696789999999964
21
-169.9595999999999947
0
LINE
8
BLACK
6
CONTINUOUS
10
103.2696789999999964
20
-169.9595999999999947
11
103.4601550000000003
21
-170.0548379999999895
0
LINE
8
BLACK
6
CONTINUOUS
10
103.4601550000000003
20
-170.0548379999999895
11
103.65063099999999
21
-170.0548379999999895
0
LINE
8
BLACK
6
CONTINUOUS
10
104.222059999999999
20
-169.9595999999999947
11
104.4125359999999887
21
-170.0548379999999895
0
LINE
8
BLACK
6
CONTINUOUS
10
104.4125359999999887
20
-170.0548379999999895
11
104.7934879999999964
21
-170.0548379999999895
0
LINE
8
BLACK
6
CONTINUOUS
10
104.7934879999999964
20
-170.0548379999999895
11
104.9839649999999978
21
-169.9595999999999947
0
LINE
8
BLACK
6
CONTINUOUS
10
104.9839649999999978
20
-169.9595999999999947
11
105.0792029999999926
21
-169.7691229999999791
0
LINE
8
BLACK
6
CONTINUOUS
10
105.0792029999999926
20
-169.7691229999999791
11
105.0792029999999926
21
-169.6738849999999843
0
LINE
8
BLACK
6
CONTINUOUS
10
105.0792029999999926
20
-169.6738849999999843
11
104.9839649999999978
21
-169.4834089999999946
0
LINE
8
BLACK
6
CONTINUOUS
10
104.9839649999999978
20
-169.4834089999999946
11
104.7934879999999964
21
-169.3881709999999998
0
LINE
8
BLACK
6
CONTINUOUS
10
104.7934879999999964
20
-169.3881709999999998
11
104.5077739999999977
21
-169.3881709999999998
0
LINE
8
BLACK
6
CONTINUOUS
10
104.5077739999999977
20
-169.3881709999999998
11
104.3172979999999939
21
-169.292933000000005
0
LINE
8
BLACK
6
CONTINUOUS
10
104.3172979999999939
20
-169.292933000000005
11
104.222059999999999
21
-169.1024569999999869
0
LINE
8
BLACK
6
CONTINUOUS
10
104.222059999999999
20
-169.1024569999999869
11
104.222059999999999
21
-169.0072189999999921
0
LINE
8
BLACK
6
CONTINUOUS
10
104.222059999999999
20
-169.0072189999999921
11
104.3172979999999939
21
-168.816742000000005
0
LINE
8
BLACK
6
CONTINUOUS
10
104.3172979999999939
20
-168.816742000000005
11
104.5077739999999977
21
-168.7215039999999817
0
LINE
8
BLACK
6
CONTINUOUS
10
104.5077739999999977
20
-168.7215039999999817
11
104.7934879999999964
21
-168.7215039999999817
0
LINE
8
BLACK
6
CONTINUOUS
10
104.7934879999999964
20
-168.7215039999999817
11
104.9839649999999978
21
-168.816742000000005
0
LINE
8
BLACK
6
CONTINUOUS
10
105.7458699999999965
20
-170.816742000000005
11
105.8411079999999913
21
-170.7215039999999817
0
LINE
8
BLACK
6
CONTINUOUS
10
105.8411079999999913
20
-170.7215039999999817
11
106.0315839999999952
21
-170.4357899999999972
0
LINE
8
BLACK
6
CONTINUOUS
10
106.0315839999999952
20
-170.4357899999999972
11
106.12682199999999
21
-170.2453139999999792
0
LINE
8
BLACK
6
CONTINUOUS
10
106.12682199999999
20
-170.2453139999999792
11
106.222059999999999
21
-169.9595999999999947
0
LINE
8
BLACK
6
CONTINUOUS
10
106.222059999999999
20
-169.9595999999999947
11
106.3172979999999939
21
-169.4834089999999946
0
LINE
8
BLACK
6
CONTINUOUS
10
106.3172979999999939
20
-169.4834089999999946
11
106.3172979999999939
21
-169.1024569999999869
0
LINE
8
BLACK
6
CONTINUOUS
10
106.3172979999999939
20
-169.1024569999999869
11
106.222059999999999
21
-168.6262659999999869
0
LINE
8
BLACK
6
CONTINUOUS
10
106.222059999999999
20
-168.6262659999999869
11
106.12682199999999
21
-168.3405520000000024
0
LINE
8
BLACK
6
CONTINUOUS
10
106.12682199999999
20
-168.3405520000000024
11
106.0315839999999952
21
-168.1500759999999843
0
LINE
8
BLACK
6
CONTINUOUS
10
106.0315839999999952
20
-168.1500759999999843
11
105.8411079999999913
21
-167.8643610000000024
0
LINE
8
BLACK
6
CONTINUOUS
10
105.8411079999999913
20
-167.8643610000000024
11
105.7458699999999965
21
-167.7691229999999791
0
LINE
8
BLACK
6
CONTINUOUS
10
39.3799999999999955
20
-171.2599999999999909
11
39.3799999999999955
21
-172.2999999999999829
0
LINE
8
BLACK
6
CONTINUOUS
10
38.8599999999999994
20
-171.7800000000000011
11
39.8999999999999986
21
-171.7800000000000011
0
LINE
8
BLACK
6
CONTINUOUS
10
43.5553869999999961
20
-172.6948380000000043
11
42.4125299999999967
21
-172.6948380000000043
0
LINE
8
BLACK
6
CONTINUOUS
10
42.9839580000000012
20
-172.6948380000000043
11
42.9839580000000012
21
-170.6948380000000043
0
LINE
8
BLACK
6
CONTINUOUS
10
42.9839580000000012
20
-170.6948380000000043
11
42.7934819999999974
21
-170.9805519999999888
0
LINE
8
BLACK
6
CONTINUOUS
10
42.7934819999999974
20
-170.9805519999999888
11
42.6030060000000006
21
-171.1710279999999784
0
LINE
8
BLACK
6
CONTINUOUS
10
42.6030060000000006
20
-171.1710279999999784
11
42.4125299999999967
21
-171.2662660000000017
0
LINE
8
BLACK
6
CONTINUOUS
10
44.4125299999999967
20
-172.5043609999999887
11
44.5077679999999987
21
-172.599599999999981
0
LINE
8
BLACK
6
CONTINUOUS
10
44.5077679999999987
20
-172.599599999999981
11
44.4125299999999967
21
-172.6948380000000043
0
LINE
8
BLACK
6
CONTINUOUS
10
44.4125299999999967
20
-172.6948380000000043
11
44.3172919999999948
21
-172.599599999999981
0
LINE
8
BLACK
6
CONTINUOUS
10
44.3172919999999948
20
-172.599599999999981
11
44.4125299999999967
21
-172.5043609999999887
0
LINE
8
BLACK
6
CONTINUOUS
10
44.4125299999999967
20
-172.5043609999999887
11
44.4125299999999967
21
-172.6948380000000043
0
LINE
8
BLACK
6
CONTINUOUS
10
45.7458629999999999
20
-170.6948380000000043
11
45.9363400000000013
21
-170.6948380000000043
0
LINE
8
BLACK
6
CONTINUOUS
10
45.9363400000000013
20
-170.6948380000000043
11
46.126815999999998
21
-170.7900759999999991
0
LINE
8
BLACK
6
CONTINUOUS
10
46.126815999999998
20
-170.7900759999999991
11
46.222054
21
-170.8853139999999939
0
LINE
8
BLACK
6
CONTINUOUS
10
46.222054
20
-170.8853139999999939
11
46.3172919999999948
21
-171.0757899999999836
0
LINE
8
BLACK
6
CONTINUOUS
10
46.3172919999999948
20
-171.0757899999999836
11
46.4125299999999967
21
-171.4567419999999913
0
LINE
8
BLACK
6
CONTINUOUS
10
46.4125299999999967
20
-171.4567419999999913
11
46.4125299999999967
21
-171.9329329999999914
0
LINE
8
BLACK
6
CONTINUOUS
10
46.4125299999999967
20
-171.9329329999999914
11
46.3172919999999948
21
-172.3138849999999991
0
LINE
8
BLACK
6
CONTINUOUS
10
46.3172919999999948
20
-172.3138849999999991
11
46.222054
21
-172.5043609999999887
0
LINE
8
BLACK
6
CONTINUOUS
10
46.222054
20
-172.5043609999999887
11
46.126815999999998
21
-172.599599999999981
0
LINE
8
BLACK
6
CONTINUOUS
10
46.126815999999998
20
-172.599599999999981
11
45.9363400000000013
21
-172.6948380000000043
0
LINE
8
BLACK
6
CONTINUOUS
10
45.9363400000000013
20
-172.6948380000000043
11
45.7458629999999999
21
-172.6948380000000043
0
LINE
8
BLACK
6
CONTINUOUS
10
45.7458629999999999
20
-172.6948380000000043
11
45.5553869999999961
21
-172.599599999999981
0
LINE
8
BLACK
6
CONTINUOUS
10
45.5553869999999961
20
-172.599599999999981
11
45.4601490000000013
21
-172.5043609999999887
0
LINE
8
BLACK
6
CONTINUOUS
10
45.4601490000000013
20
-172.5043609999999887
11
45.3649109999999993
21
-172.3138849999999991
0
LINE
8
BLACK
6
CONTINUOUS
10
45.3649109999999993
20
-172.3138849999999991
11
45.2696729999999974
21
-171.9329329999999914
0
LINE
8
BLACK
6
CONTINUOUS
10
45.2696729999999974
20
-171.9329329999999914
11
45.2696729999999974
21
-171.4567419999999913
0
LINE
8
BLACK
6
CONTINUOUS
10
45.2696729999999974
20
-171.4567419999999913
11
45.3649109999999993
21
-171.0757899999999836
0
LINE
8
BLACK
6
CONTINUOUS
10
45.3649109999999993
20
-171.0757899999999836
11
45.4601490000000013
21
-170.8853139999999939
0
LINE
8
BLACK
6
CONTINUOUS
10
45.4601490000000013
20
-170.8853139999999939
11
45.5553869999999961
21
-170.7900759999999991
0
LINE
8
BLACK
6
CONTINUOUS
10
45.5553869999999961
20
-170.7900759999999991
11
45.7458629999999999
21
-170.6948380000000043
0
LINE
8
BLACK
6
CONTINUOUS
10
48.126815999999998
20
-171.3615039999999965
11
48.126815999999998
21
-172.6948380000000043
0
LINE
8
BLACK
6
CONTINUOUS
10
47.650624999999998
20
-170.599599999999981
11
47.1744349999999955
21
-172.0281709999999862
0
LINE
8
BLACK
6
CONTINUOUS
10
47.1744349999999955
20
-172.0281709999999862
11
48.4125299999999967
21
-172.0281709999999862
0
LINE
8
BLACK
6
CONTINUOUS
10
49.5553869999999961
20
-170.6948380000000043
11
49.7458639999999974
21
-170.6948380000000043
0
LINE
8
BLACK
6
CONTINUOUS
10
49.7458639999999974
20
-170.6948380000000043
11
49.9363400000000013
21
-170.7900759999999991
0
LINE
8
BLACK
6
CONTINUOUS
10
49.9363400000000013
20
-170.7900759999999991
11
50.0315779999999961
21
-170.8853139999999939
0
LINE
8
BLACK
6
CONTINUOUS
10
50.0315779999999961
20
-170.8853139999999939
11
50.126815999999998
21
-171.0757899999999836
0
LINE
8
BLACK
6
CONTINUOUS
10
50.126815999999998
20
-171.0757899999999836
11
50.222054
21
-171.4567419999999913
0
LINE
8
BLACK
6
CONTINUOUS
10
50.222054
20
-171.4567419999999913
11
50.222054
21
-171.9329329999999914
0
LINE
8
BLACK
6
CONTINUOUS
10
50.222054
20
-171.9329329999999914
11
50.126815999999998
21
-172.3138849999999991
0
LINE
8
BLACK
6
CONTINUOUS
10
50.126815999999998
20
-172.3138849999999991
11
50.0315779999999961
21
-172.5043609999999887
0
LINE
8
BLACK
6
CONTINUOUS
10
50.0315779999999961
20
-172.5043609999999887
11
49.9363400000000013
21
-172.599599999999981
0
LINE
8
BLACK
6
CONTINUOUS
10
49.9363400000000013
20
-172.599599999999981
11
49.7458639999999974
21
-172.6948380000000043
0
LINE
8
BLACK
6
CONTINUOUS
10
49.7458639999999974
20
-172.6948380000000043
11
49.5553869999999961
21
-172.6948380000000043
0
LINE
8
BLACK
6
CONTINUOUS
10
49.5553869999999961
20
-172.6948380000000043
11
49.3649109999999993
21
-172.599599999999981
0
LINE
8
BLACK
6
CONTINUOUS
10
49.3649109999999993
20
-172.599599999999981
11
49.2696729999999974
21
-172.5043609999999887
0
LINE
8
BLACK
6
CONTINUOUS
10
49.2696729999999974
20
-172.5043609999999887
11
49.1744349999999955
21
-172.3138849999999991
0
LINE
8
BLACK
6
CONTINUOUS
10
49.1744349999999955
20
-172.3138849999999991
11
49.0791970000000006
21
-171.9329329999999914
0
LINE
8
BLACK
6
CONTINUOUS
10
49.0791970000000006
20
-171.9329329999999914
11
49.0791970000000006
21
-171.4567419999999913
0
LINE
8
BLACK
6
CONTINUOUS
10
49.0791970000000006
20
-171.4567419999999913
11
49.1744349999999955
21
-171.0757899999999836
0
LINE
8
BLACK
6
CONTINUOUS
10
49.1744349999999955
20
-171.0757899999999836
11
49.2696729999999974
21
-170.8853139999999939
0
LINE
8
BLACK
6
CONTINUOUS
10
49.2696729999999974
20
-170.8853139999999939
11
49.3649109999999993
21
-170.7900759999999991
0
LINE
8
BLACK
6
CONTINUOUS
10
49.3649109999999993
20
-170.7900759999999991
11
49.5553869999999961
21
-170.6948380000000043
0
LINE
8
BLACK
6
CONTINUOUS
10
51.0791970000000006
20
-172.6948380000000043
11
51.0791970000000006
21
-171.3615039999999965
0
LINE
8
BLACK
6
CONTINUOUS
10
51.0791970000000006
20
-171.5519799999999861
11
51.1744349999999955
21
-171.4567419999999913
0
LINE
8
BLACK
6
CONTINUOUS
10
51.1744349999999955
20
-171.4567419999999913
11
51.3649109999999993
21
-171.3615039999999965
0
LINE
8
BLACK
6
CONTINUOUS
10
51.3649109999999993
20
-171.3615039999999965
11
51.6506259999999955
21
-171.3615039999999965
0
LINE
8
BLACK
6
CONTINUOUS
10
51.6506259999999955
20
-171.3615039999999965
11
51.8411019999999994
21
-171.4567419999999913
0
LINE
8
BLACK
6
CONTINUOUS
10
51.8411019999999994
20
-171.4567419999999913
11
51.9363399999999942
21
-171.6472189999999785
0
LINE
8
BLACK
6
CONTINUOUS
10
51.9363399999999942
20
-171.6472189999999785
11
51.9363399999999942
21
-172.6948380000000043
0
LINE
8
BLACK
6
CONTINUOUS
10
51.9363399999999942
20
-171.6472189999999785
11
52.0315779999999961
21
-171.4567419999999913
0
LINE
8
BLACK
6
CONTINUOUS
10
52.0315779999999961
20
-171.4567419999999913
11
52.222054
21
-171.3615039999999965
0
LINE
8
BLACK
6
CONTINUOUS
10
52.222054
20
-171.3615039999999965
11
52.5077679999999987
21
-171.3615039999999965
0
LINE
8
BLACK
6
CONTINUOUS
10
52.5077679999999987
20
-171.3615039999999965
11
52.698245
21
-171.4567419999999913
0
LINE
8
BLACK
6
CONTINUOUS
10
52.698245
20
-171.4567419999999913
11
52.7934829999999948
21
-171.6472189999999785
0
LINE
8
BLACK
6
CONTINUOUS
10
52.7934829999999948
20
-171.6472189999999785
11
52.7934829999999948
21
-172.6948380000000043
0
LINE
8
BLACK
6
CONTINUOUS
10
53.7458639999999974
20
-172.6948380000000043
11
53.7458639999999974
21
-171.3615039999999965
0
LINE
8
BLACK
6
CONTINUOUS
10
53.7458639999999974
20
-171.5519799999999861
11
53.8411019999999994
21
-171.4567419999999913
0
LINE
8
BLACK
6
CONTINUOUS
10
53.8411019999999994
20
-171.4567419999999913
11
54.0315779999999961
21
-171.3615039999999965
0
LINE
8
BLACK
6
CONTINUOUS
10
54.0315779999999961
20
-171.3615039999999965
11
54.3172929999999994
21
-171.3615039999999965
0
LINE
8
BLACK
6
CONTINUOUS
10
54.3172929999999994
20
-171.3615039999999965
11
54.5077689999999961
21
-171.4567419999999913
0
LINE
8
BLACK
6
CONTINUOUS
10
54.5077689999999961
20
-171.4567419999999913
11
54.6030069999999981
21
-171.6472189999999785
0
LINE
8
BLACK
6
CONTINUOUS
10
54.6030069999999981
20
-171.6472189999999785
11
54.6030069999999981
21
-172.6948380000000043
0
LINE
8
BLACK
6
CONTINUOUS
10
54.6030069999999981
20
-171.6472189999999785
11
54.698245
21
-171.4567419999999913
0
LINE
8
BLACK
6
CONTINUOUS
10
54.698245
20
-171.4567419999999913
11
54.8887209999999968
21
-171.3615039999999965
0
LINE
8
BLACK
6
CONTINUOUS
10
54.8887209999999968
20
-171.3615039999999965
11
55.1744349999999955
21
-171.3615039999999965
0
LINE
8
BLACK
6
CONTINUOUS
10
55.1744349999999955
20
-171.3615039999999965
11
55.3649119999999968
21
-171.4567419999999913
0
LINE
8
BLACK
6
CONTINUOUS
10
55.3649119999999968
20
-171.4567419999999913
11
55.4601499999999987
21
-171.6472189999999785
0
LINE
8
BLACK
6
CONTINUOUS
10
55.4601499999999987
20
-171.6472189999999785
11
55.4601499999999987
21
-172.6948380000000043
0
LINE
8
BLACK
6
CONTINUOUS
10
59.3649119999999968
20
-170.599599999999981
11
57.6506270000000001
21
-173.1710279999999784
0
LINE
8
BLACK
6
CONTINUOUS
10
61.9363409999999988
20
-170.6948380000000043
11
62.1268180000000001
21
-170.6948380000000043
0
LINE
8
BLACK
6
CONTINUOUS
10
62.1268180000000001
20
-170.6948380000000043
11
62.3172939999999969
21
-170.7900759999999991
0
LINE
8
BLACK
6
CONTINUOUS
10
62.3172939999999969
20
-170.7900759999999991
11
62.4125319999999988
21
-170.8853139999999939
0
LINE
8
BLACK
6
CONTINUOUS
10
62.4125319999999988
20
-170.8853139999999939
11
62.5077700000000007
21
-171.0757899999999836
0
LINE
8
BLACK
6
CONTINUOUS
10
62.5077700000000007
20
-171.0757899999999836
11
62.6030079999999955
21
-171.4567419999999913
0
LINE
8
BLACK
6
CONTINUOUS
10
62.6030079999999955
20
-171.4567419999999913
11
62.6030079999999955
21
-171.9329329999999914
0
LINE
8
BLACK
6
CONTINUOUS
10
62.6030079999999955
20
-171.9329329999999914
11
62.5077700000000007
21
-172.3138849999999991
0
LINE
8
BLACK
6
CONTINUOUS
10
62.5077700000000007
20
-172.3138849999999991
11
62.4125319999999988
21
-172.5043609999999887
0
LINE
8
BLACK
6
CONTINUOUS
10
62.4125319999999988
20
-172.5043609999999887
11
62.3172939999999969
21
-172.599599999999981
0
LINE
8
BLACK
6
CONTINUOUS
10
62.3172939999999969
20
-172.599599999999981
11
62.1268180000000001
21
-172.6948380000000043
0
LINE
8
BLACK
6
CONTINUOUS
10
62.1268180000000001
20
-172.6948380000000043
11
61.9363409999999988
21
-172.6948380000000043
0
LINE
8
BLACK
6
CONTINUOUS
10
61.9363409999999988
20
-172.6948380000000043
11
61.7458649999999949
21
-172.599599999999981
0
LINE
8
BLACK
6
CONTINUOUS
10
61.7458649999999949
20
-172.599599999999981
11
61.6506270000000001
21
-172.5043609999999887
0
LINE
8
BLACK
6
CONTINUOUS
10
61.6506270000000001
20
-172.5043609999999887
11
61.5553889999999981
21
-172.3138849999999991
0
LINE
8
BLACK
6
CONTINUOUS
10
61.5553889999999981
20
-172.3138849999999991
11
61.4601509999999962
21
-171.9329329999999914
0
LINE
8
BLACK
6
CONTINUOUS
10
61.4601509999999962
20
-171.9329329999999914
11
61.4601509999999962
21
-171.4567419999999913
0
LINE
8
BLACK
6
CONTINUOUS
10
61.4601509999999962
20
-171.4567419999999913
11
61.5553889999999981
21
-171.0757899999999836
0
LINE
8
BLACK
6
CONTINUOUS
10
61.5553889999999981
20
-171.0757899999999836
11
61.6506270000000001
21
-170.8853139999999939
0
LINE
8
BLACK
6
CONTINUOUS
10
61.6506270000000001
20
-170.8853139999999939
11
61.7458649999999949
21
-170.7900759999999991
0
LINE
8
BLACK
6
CONTINUOUS
10
61.7458649999999949
20
-170.7900759999999991
11
61.9363409999999988
21
-170.6948380000000043
0
LINE
8
BLACK
6
CONTINUOUS
10
63.4601509999999962
20
-172.5043609999999887
11
63.5553889999999981
21
-172.599599999999981
0
LINE
8
BLACK
6
CONTINUOUS
10
63.5553889999999981
20
-172.599599999999981
11
63.4601509999999962
21
-172.6948380000000043
0
LINE
8
BLACK
6
CONTINUOUS
10
63.4601509999999962
20
-172.6948380000000043
11
63.3649129999999943
21
-172.599599999999981
0
LINE
8
BLACK
6
CONTINUOUS
10
63.3649129999999943
20
-172.599599999999981
11
63.4601509999999962
21
-172.5043609999999887
0
LINE
8
BLACK
6
CONTINUOUS
10
63.4601509999999962
20
-172.5043609999999887
11
63.4601509999999962
21
-172.6948380000000043
0
LINE
8
BLACK
6
CONTINUOUS
10
64.7934839999999923
20
-170.6948380000000043
11
64.9839609999999936
21
-170.6948380000000043
0
LINE
8
BLACK
6
CONTINUOUS
10
64.9839609999999936
20
-170.6948380000000043
11
65.1744369999999975
21
-170.7900759999999991
0
LINE
8
BLACK
6
CONTINUOUS
10
65.1744369999999975
20
-170.7900759999999991
11
65.2696749999999923
21
-170.8853139999999939
0
LINE
8
BLACK
6
CONTINUOUS
10
65.2696749999999923
20
-170.8853139999999939
11
65.3649130000000014
21
-171.0757899999999836
0
LINE
8
BLACK
6
CONTINUOUS
10
65.3649130000000014
20
-171.0757899999999836
11
65.4601509999999962
21
-171.4567419999999913
0
LINE
8
BLACK
6
CONTINUOUS
10
65.4601509999999962
20
-171.4567419999999913
11
65.4601509999999962
21
-171.9329329999999914
0
LINE
8
BLACK
6
CONTINUOUS
10
65.4601509999999962
20
-171.9329329999999914
11
65.3649130000000014
21
-172.3138849999999991
0
LINE
8
BLACK
6
CONTINUOUS
10
65.3649130000000014
20
-172.3138849999999991
11
65.2696749999999923
21
-172.5043609999999887
0
LINE
8
BLACK
6
CONTINUOUS
10
65.2696749999999923
20
-172.5043609999999887
11
65.1744369999999975
21
-172.599599999999981
0
LINE
8
BLACK
6
CONTINUOUS
10
65.1744369999999975
20
-172.599599999999981
11
64.9839609999999936
21
-172.6948380000000043
0
LINE
8
BLACK
6
CONTINUOUS
10
64.9839609999999936
20
-172.6948380000000043
11
64.7934839999999923
21
-172.6948380000000043
0
LINE
8
BLACK
6
CONTINUOUS
10
64.7934839999999923
20
-172.6948380000000043
11
64.6030080000000027
21
-172.599599999999981
0
LINE
8
BLACK
6
CONTINUOUS
10
64.6030080000000027
20
-172.599599999999981
11
64.5077699999999936
21
-172.5043609999999887
0
LINE
8
BLACK
6
CONTINUOUS
10
64.5077699999999936
20
-172.5043609999999887
11
64.4125319999999988
21
-172.3138849999999991
0
LINE
8
BLACK
6
CONTINUOUS
10
64.4125319999999988
20
-172.3138849999999991
11
64.317294000000004
21
-171.9329329999999914
0
LINE
8
BLACK
6
CONTINUOUS
10
64.317294000000004
20
-171.9329329999999914
11
64.317294000000004
21
-171.4567419999999913
0
LINE
8
BLACK
6
CONTINUOUS
10
64.317294000000004
20
-171.4567419999999913
11
64.4125319999999988
21
-171.0757899999999836
0
LINE
8
BLACK
6
CONTINUOUS
10
64.4125319999999988
20
-171.0757899999999836
11
64.5077699999999936
21
-170.8853139999999939
0
LINE
8
BLACK
6
CONTINUOUS
10
64.5077699999999936
20
-170.8853139999999939
11
64.6030080000000027
21
-170.7900759999999991
0
LINE
8
BLACK
6
CONTINUOUS
10
64.6030080000000027
20
-170.7900759999999991
11
64.7934839999999923
21
-170.6948380000000043
0
LINE
8
BLACK
6
CONTINUOUS
10
67.1744369999999975
20
-171.3615039999999965
11
67.1744369999999975
21
-172.6948380000000043
0
LINE
8
BLACK
6
CONTINUOUS
10
66.6982459999999975
20
-170.599599999999981
11
66.2220559999999949
21
-172.0281709999999862
0
LINE
8
BLACK
6
CONTINUOUS
10
66.2220559999999949
20
-172.0281709999999862
11
67.4601509999999962
21
-172.0281709999999862
0
LINE
8
BLACK
6
CONTINUOUS
10
68.6030080000000027
20
-170.6948380000000043
11
68.7934849999999898
21
-170.6948380000000043
0
LINE
8
BLACK
6
CONTINUOUS
10
68.7934849999999898
20
-170.6948380000000043
11
68.9839609999999936
21
-170.7900759999999991
0
LINE
8
BLACK
6
CONTINUOUS
10
68.9839609999999936
20
-170.7900759999999991
11
69.0791990000000027
21
-170.8853139999999939
0
LINE
8
BLACK
6
CONTINUOUS
10
69.0791990000000027
20
-170.8853139999999939
11
69.1744369999999975
21
-171.0757899999999836
0
LINE
8
BLACK
6
CONTINUOUS
10
69.1744369999999975
20
-171.0757899999999836
11
69.2696749999999923
21
-171.4567419999999913
0
LINE
8
BLACK
6
CONTINUOUS
10
69.2696749999999923
20
-171.4567419999999913
11
69.2696749999999923
21
-171.9329329999999914
0
LINE
8
BLACK
6
CONTINUOUS
10
69.2696749999999923
20
-171.9329329999999914
11
69.1744369999999975
21
-172.3138849999999991
0
LINE
8
BLACK
6
CONTINUOUS
10
69.1744369999999975
20
-172.3138849999999991
11
69.0791990000000027
21
-172.5043609999999887
0
LINE
8
BLACK
6
CONTINUOUS
10
69.0791990000000027
20
-172.5043609999999887
11
68.9839609999999936
21
-172.599599999999981
0
LINE
8
BLACK
6
CONTINUOUS
10
68.9839609999999936
20
-172.599599999999981
11
68.7934849999999898
21
-172.6948380000000043
0
LINE
8
BLACK
6
CONTINUOUS
10
68.7934849999999898
20
-172.6948380000000043
11
68.6030080000000027
21
-172.6948380000000043
0
LINE
8
BLACK
6
CONTINUOUS
10
68.6030080000000027
20
-172.6948380000000043
11
68.4125319999999988
21
-172.599599999999981
0
LINE
8
BLACK
6
CONTINUOUS
10
68.4125319999999988
20
-172.599599999999981
11
68.317294000000004
21
-172.5043609999999887
0
LINE
8
BLACK
6
CONTINUOUS
10
68.317294000000004
20
-172.5043609999999887
11
68.2220559999999949
21
-172.3138849999999991
0
LINE
8
BLACK
6
CONTINUOUS
10
68.2220559999999949
20
-172.3138849999999991
11
68.1268180000000001
21
-171.9329329999999914
0
LINE
8
BLACK
6
CONTINUOUS
10
68.1268180000000001
20
-171.9329329999999914
11
68.1268180000000001
21
-171.4567419999999913
0
LINE
8
BLACK
6
CONTINUOUS
10
68.1268180000000001
20
-171.4567419999999913
11
68.2220559999999949
21
-171.0757899999999836
0
LINE
8
BLACK
6
CONTINUOUS
10
68.2220559999999949
20
-171.0757899999999836
11
68.317294000000004
21
-170.8853139999999939
0
LINE
8
BLACK
6
CONTINUOUS
10
68.317294000000004
20
-170.8853139999999939
11
68.4125319999999988
21
-170.7900759999999991
0
LINE
8
BLACK
6
CONTINUOUS
10
68.4125319999999988
20
-170.7900759999999991
11
68.6030080000000027
21
-170.6948380000000043
0
LINE
8
BLACK
6
CONTINUOUS
10
70.2220559999999949
20
-172.6948380000000043
11
70.6030080000000027
21
-172.6948380000000043
0
LINE
8
BLACK
6
CONTINUOUS
10
70.6030080000000027
20
-172.6948380000000043
11
70.7934849999999898
21
-172.599599999999981
0
LINE
8
BLACK
6
CONTINUOUS
10
70.7934849999999898
20
-172.599599999999981
11
70.8887229999999988
21
-172.5043609999999887
0
LINE
8
BLACK
6
CONTINUOUS
10
70.8887229999999988
20
-172.5043609999999887
11
71.0791990000000027
21
-172.2186470000000043
0
LINE
8
BLACK
6
CONTINUOUS
10
71.0791990000000027
20
-172.2186470000000043
11
71.1744369999999975
21
-171.8376949999999965
0
LINE
8
BLACK
6
CONTINUOUS
10
71.1744369999999975
20
-171.8376949999999965
11
71.1744369999999975
21
-171.0757899999999836
0
LINE
8
BLACK
6
CONTINUOUS
10
71.1744369999999975
20
-171.0757899999999836
11
71.0791990000000027
21
-170.8853139999999939
0
LINE
8
BLACK
6
CONTINUOUS
10
71.0791990000000027
20
-170.8853139999999939
11
70.9839609999999936
21
-170.7900759999999991
0
LINE
8
BLACK
6
CONTINUOUS
10
70.9839609999999936
20
-170.7900759999999991
11
70.7934849999999898
21
-170.6948380000000043
0
LINE
8
BLACK
6
CONTINUOUS
10
70.7934849999999898
20
-170.6948380000000043
11
70.4125319999999988
21
-170.6948380000000043
0
LINE
8
BLACK
6
CONTINUOUS
10
70.4125319999999988
20
-170.6948380000000043
11
70.2220559999999949
21
-170.7900759999999991
0
LINE
8
BLACK
6
CONTINUOUS
10
70.2220559999999949
20
-170.7900759999999991
11
70.1268180000000001
21
-170.8853139999999939
0
LINE
8
BLACK
6
CONTINUOUS
10
70.1268180000000001
20
-170.8853139999999939
11
70.0315799999999911
21
-171.0757899999999836
0
LINE
8
BLACK
6
CONTINUOUS
10
70.0315799999999911
20
-171.0757899999999836
11
70.0315799999999911
21
-171.5519799999999861
0
LINE
8
BLACK
6
CONTINUOUS
10
70.0315799999999911
20
-171.5519799999999861
11
70.1268180000000001
21
-171.7424570000000017
0
LINE
8
BLACK
6
CONTINUOUS
10
70.1268180000000001
20
-171.7424570000000017
11
70.2220559999999949
21
-171.8376949999999965
0
LINE
8
BLACK
6
CONTINUOUS
10
70.2220559999999949
20
-171.8376949999999965
11
70.4125319999999988
21
-171.9329329999999914
0
LINE
8
BLACK
6
CONTINUOUS
10
70.4125319999999988
20
-171.9329329999999914
11
70.7934849999999898
21
-171.9329329999999914
0
LINE
8
BLACK
6
CONTINUOUS
10
70.7934849999999898
20
-171.9329329999999914
11
70.9839609999999936
21
-171.8376949999999965
0
LINE
8
BLACK
6
CONTINUOUS
10
70.9839609999999936
20
-171.8376949999999965
11
71.0791990000000027
21
-171.7424570000000017
0
LINE
8
BLACK
6
CONTINUOUS
10
71.0791990000000027
20
-171.7424570000000017
11
71.1744369999999975
21
-171.5519799999999861
0
LINE
8
BLACK
6
CONTINUOUS
10
71.9363419999999962
20
-170.6948380000000043
11
71.9363419999999962
21
-171.0757899999999836
0
LINE
8
BLACK
6
CONTINUOUS
10
72.698246999999995
20
-170.6948380000000043
11
72.698246999999995
21
-171.0757899999999836
0
LINE
8
BLACK
6
CONTINUOUS
10
75.650628999999995
20
-173.4567419999999913
11
75.5553900000000027
21
-173.3615039999999965
0
LINE
8
BLACK
6
CONTINUOUS
10
75.5553900000000027
20
-173.3615039999999965
11
75.3649139999999989
21
-173.0757899999999836
0
LINE
8
BLACK
6
CONTINUOUS
10
75.3649139999999989
20
-173.0757899999999836
11
75.2696759999999898
21
-172.8853139999999939
0
LINE
8
BLACK
6
CONTINUOUS
10
75.2696759999999898
20
-172.8853139999999939
11
75.174437999999995
21
-172.599599999999981
0
LINE
8
BLACK
6
CONTINUOUS
10
75.174437999999995
20
-172.599599999999981
11
75.0792000000000002
21
-172.123408999999981
0
LINE
8
BLACK
6
CONTINUOUS
10
75.0792000000000002
20
-172.123408999999981
11
75.0792000000000002
21
-171.7424570000000017
0
LINE
8
BLACK
6
CONTINUOUS
10
75.0792000000000002
20
-171.7424570000000017
11
75.174437999999995
21
-171.2662660000000017
0
LINE
8
BLACK
6
CONTINUOUS
10
75.174437999999995
20
-171.2662660000000017
11
75.2696759999999898
21
-170.9805519999999888
0
LINE
8
BLACK
6
CONTINUOUS
10
75.2696759999999898
20
-170.9805519999999888
11
75.3649139999999989
21
-170.7900759999999991
0
LINE
8
BLACK
6
CONTINUOUS
10
75.3649139999999989
20
-170.7900759999999991
11
75.5553900000000027
21
-170.5043609999999887
0
LINE
8
BLACK
6
CONTINUOUS
10
75.5553900000000027
20
-170.5043609999999887
11
75.650628999999995
21
-170.4091229999999939
0
LINE
8
BLACK
6
CONTINUOUS
10
77.2696759999999898
20
-170.6948380000000043
11
76.8887229999999988
21
-170.6948380000000043
0
LINE
8
BLACK
6
CONTINUOUS
10
76.8887229999999988
20
-170.6948380000000043
11
76.698246999999995
21
-170.7900759999999991
0
LINE
8
BLACK
6
CONTINUOUS
10
76.698246999999995
20
-170.7900759999999991
11
76.6030090000000001
21
-170.8853139999999939
0
LINE
8
BLACK
6
CONTINUOUS
10
76.6030090000000001
20
-170.8853139999999939
11
76.4125329999999963
21
-171.1710279999999784
0
LINE
8
BLACK
6
CONTINUOUS
10
76.4125329999999963
20
-171.1710279999999784
11
76.3172950000000014
21
-171.5519799999999861
0
LINE
8
BLACK
6
CONTINUOUS
10
76.3172950000000014
20
-171.5519799999999861
11
76.3172950000000014
21
-172.3138849999999991
0
LINE
8
BLACK
6
CONTINUOUS
10
76.3172950000000014
20
-172.3138849999999991
11
76.4125329999999963
21
-172.5043609999999887
0
LINE
8
BLACK
6
CONTINUOUS
10
76.4125329999999963
20
-172.5043609999999887
11
76.5077709999999911
21
-172.599599999999981
0
LINE
8
BLACK
6
CONTINUOUS
10
76.5077709999999911
20
-172.599599999999981
11
76.698246999999995
21
-172.6948380000000043
0
LINE
8
BLACK
6
CONTINUOUS
10
76.698246999999995
20
-172.6948380000000043
11
77.0792000000000002
21
-172.6948380000000043
0
LINE
8
BLACK
6
CONTINUOUS
10
77.0792000000000002
20
-172.6948380000000043
11
77.2696759999999898
21
-172.599599999999981
0
LINE
8
BLACK
6
CONTINUOUS
10
77.2696759999999898
20
-172.599599999999981
11
77.3649139999999989
21
-172.5043609999999887
0
LINE
8
BLACK
6
CONTINUOUS
10
77.3649139999999989
20
-172.5043609999999887
11
77.4601519999999937
21
-172.3138849999999991
0
LINE
8
BLACK
6
CONTINUOUS
10
77.4601519999999937
20
-172.3138849999999991
11
77.4601519999999937
21
-171.8376949999999965
0
LINE
8
BLACK
6
CONTINUOUS
10
77.4601519999999937
20
-171.8376949999999965
11
77.3649139999999989
21
-171.6472189999999785
0
LINE
8
BLACK
6
CONTINUOUS
10
77.3649139999999989
20
-171.6472189999999785
11
77.2696759999999898
21
-171.5519799999999861
0
LINE
8
BLACK
6
CONTINUOUS
10
77.2696759999999898
20
-171.5519799999999861
11
77.0792000000000002
21
-171.4567419999999913
0
LINE
8
BLACK
6
CONTINUOUS
10
77.0792000000000002
20
-171.4567419999999913
11
76.698246999999995
21
-171.4567419999999913
0
LINE
8
BLACK
6
CONTINUOUS
10
76.698246999999995
20
-171.4567419999999913
11
76.5077709999999911
21
-171.5519799999999861
0
LINE
8
BLACK
6
CONTINUOUS
10
76.5077709999999911
20
-171.5519799999999861
11
76.4125329999999963
21
-171.6472189999999785
0
LINE
8
BLACK
6
CONTINUOUS
10
76.4125329999999963
20
-171.6472189999999785
11
76.3172950000000014
21
-171.8376949999999965
0
LINE
8
BLACK
6
CONTINUOUS
10
78.2220569999999924
20
-170.8853139999999939
11
78.3172950000000014
21
-170.7900759999999991
0
LINE
8
BLACK
6
CONTINUOUS
10
78.3172950000000014
20
-170.7900759999999991
11
78.5077709999999911
21
-170.6948380000000043
0
LINE
8
BLACK
6
CONTINUOUS
10
78.5077709999999911
20
-170.6948380000000043
11
78.9839619999999911
21
-170.6948380000000043
0
LINE
8
BLACK
6
CONTINUOUS
10
78.9839619999999911
20
-170.6948380000000043
11
79.174437999999995
21
-170.7900759999999991
0
LINE
8
BLACK
6
CONTINUOUS
10
79.174437999999995
20
-170.7900759999999991
11
79.2696759999999898
21
-170.8853139999999939
0
LINE
8
BLACK
6
CONTINUOUS
10
79.2696759999999898
20
-170.8853139999999939
11
79.3649139999999989
21
-171.0757899999999836
0
LINE
8
BLACK
6
CONTINUOUS
10
79.3649139999999989
20
-171.0757899999999836
11
79.3649139999999989
21
-171.2662660000000017
0
LINE
8
BLACK
6
CONTINUOUS
10
79.3649139999999989
20
-171.2662660000000017
11
79.2696759999999898
21
-171.5519799999999861
0
LINE
8
BLACK
6
CONTINUOUS
10
79.2696759999999898
20
-171.5519799999999861
11
78.1268189999999976
21
-172.6948380000000043
0
LINE
8
BLACK
6
CONTINUOUS
10
78.1268189999999976
20
-172.6948380000000043
11
79.3649139999999989
21
-172.6948380000000043
0
LINE
8
BLACK
6
CONTINUOUS
10
81.7458669999999898
20
-172.6948380000000043
11
81.7458669999999898
21
-170.6948380000000043
0
LINE
8
BLACK
6
CONTINUOUS
10
82.6030099999999976
20
-172.6948380000000043
11
82.6030099999999976
21
-171.6472189999999785
0
LINE
8
BLACK
6
CONTINUOUS
10
82.6030099999999976
20
-171.6472189999999785
11
82.5077720000000028
21
-171.4567419999999913
0
LINE
8
BLACK
6
CONTINUOUS
10
82.5077720000000028
20
-171.4567419999999913
11
82.3172959999999989
21
-171.3615039999999965
0
LINE
8
BLACK
6
CONTINUOUS
10
82.3172959999999989
20
-171.3615039999999965
11
82.0315810000000027
21
-171.3615039999999965
0
LINE
8
BLACK
6
CONTINUOUS
10
82.0315810000000027
20
-171.3615039999999965
11
81.8411049999999989
21
-171.4567419999999913
0
LINE
8
BLACK
6
CONTINUOUS
10
81.8411049999999989
20
-171.4567419999999913
11
81.7458669999999898
21
-171.5519799999999861
0
LINE
8
BLACK
6
CONTINUOUS
10
83.8411049999999989
20
-172.6948380000000043
11
83.650628999999995
21
-172.599599999999981
0
LINE
8
BLACK
6
CONTINUOUS
10
83.650628999999995
20
-172.599599999999981
11
83.5553910000000002
21
-172.5043609999999887
0
LINE
8
BLACK
6
CONTINUOUS
10
83.5553910000000002
20
-172.5043609999999887
11
83.4601529999999912
21
-172.3138849999999991
0
LINE
8
BLACK
6
CONTINUOUS
10
83.4601529999999912
20
-172.3138849999999991
11
83.4601529999999912
21
-171.7424570000000017
0
LINE
8
BLACK
6
CONTINUOUS
10
83.4601529999999912
20
-171.7424570000000017
11
83.5553910000000002
21
-171.5519799999999861
0
LINE
8
BLACK
6
CONTINUOUS
10
83.5553910000000002
20
-171.5519799999999861
11
83.650628999999995
21
-171.4567419999999913
0
LINE
8
BLACK
6
CONTINUOUS
10
83.650628999999995
20
-171.4567419999999913
11
83.8411049999999989
21
-171.3615039999999965
0
LINE
8
BLACK
6
CONTINUOUS
10
83.8411049999999989
20
-171.3615039999999965
11
84.126819999999995
21
-171.3615039999999965
0
LINE
8
BLACK
6
CONTINUOUS
10
84.126819999999995
20
-171.3615039999999965
11
84.3172959999999989
21
-171.4567419999999913
0
LINE
8
BLACK
6
CONTINUOUS
10
84.3172959999999989
20
-171.4567419999999913
11
84.4125339999999937
21
-171.5519799999999861
0
LINE
8
BLACK
6
CONTINUOUS
10
84.4125339999999937
20
-171.5519799999999861
11
84.5077720000000028
21
-171.7424570000000017
0
LINE
8
BLACK
6
CONTINUOUS
10
84.5077720000000028
20
-171.7424570000000017
11
84.5077720000000028
21
-172.3138849999999991
0
LINE
8
BLACK
6
CONTINUOUS
10
84.5077720000000028
20
-172.3138849999999991
11
84.4125339999999937
21
-172.5043609999999887
0
LINE
8
BLACK
6
CONTINUOUS
10
84.4125339999999937
20
-172.5043609999999887
11
84.3172959999999989
21
-172.599599999999981
0
LINE
8
BLACK
6
CONTINUOUS
10
84.3172959999999989
20
-172.599599999999981
11
84.126819999999995
21
-172.6948380000000043
0
LINE
8
BLACK
6
CONTINUOUS
10
84.126819999999995
20
-172.6948380000000043
11
83.8411049999999989
21
-172.6948380000000043
0
LINE
8
BLACK
6
CONTINUOUS
10
85.650628999999995
20
-172.6948380000000043
11
85.4601529999999912
21
-172.599599999999981
0
LINE
8
BLACK
6
CONTINUOUS
10
85.4601529999999912
20
-172.599599999999981
11
85.3649149999999963
21
-172.4091229999999939
0
LINE
8
BLACK
6
CONTINUOUS
10
85.3649149999999963
20
-172.4091229999999939
11
85.3649149999999963
21
-170.6948380000000043
0
LINE
8
BLACK
6
CONTINUOUS
10
87.1744389999999925
20
-172.599599999999981
11
86.9839630000000028
21
-172.6948380000000043
0
LINE
8
BLACK
6
CONTINUOUS
10
86.9839630000000028
20
-172.6948380000000043
11
86.6030099999999976
21
-172.6948380000000043
0
LINE
8
BLACK
6
CONTINUOUS
10
86.6030099999999976
20
-172.6948380000000043
11
86.4125339999999937
21
-172.599599999999981
0
LINE
8
BLACK
6
CONTINUOUS
10
86.4125339999999937
20
-172.599599999999981
11
86.3172959999999989
21
-172.4091229999999939
0
LINE
8
BLACK
6
CONTINUOUS
10
86.3172959999999989
20
-172.4091229999999939
11
86.3172959999999989
21
-171.6472189999999785
0
LINE
8
BLACK
6
CONTINUOUS
10
86.3172959999999989
20
-171.6472189999999785
11
86.4125339999999937
21
-171.4567419999999913
0
LINE
8
BLACK
6
CONTINUOUS
10
86.4125339999999937
20
-171.4567419999999913
11
86.6030099999999976
21
-171.3615039999999965
0
LINE
8
BLACK
6
CONTINUOUS
10
86.6030099999999976
20
-171.3615039999999965
11
86.9839630000000028
21
-171.3615039999999965
0
LINE
8
BLACK
6
CONTINUOUS
10
86.9839630000000028
20
-171.3615039999999965
11
87.1744389999999925
21
-171.4567419999999913
0
LINE
8
BLACK
6
CONTINUOUS
10
87.1744389999999925
20
-171.4567419999999913
11
87.2696770000000015
21
-171.6472189999999785
0
LINE
8
BLACK
6
CONTINUOUS
10
87.2696770000000015
20
-171.6472189999999785
11
87.2696770000000015
21
-171.8376949999999965
0
LINE
8
BLACK
6
CONTINUOUS
10
87.2696770000000015
20
-171.8376949999999965
11
86.3172959999999989
21
-172.0281709999999862
0
LINE
8
BLACK
6
CONTINUOUS
10
88.0315820000000002
20
-172.599599999999981
11
88.2220579999999899
21
-172.6948380000000043
0
LINE
8
BLACK
6
CONTINUOUS
10
88.2220579999999899
20
-172.6948380000000043
11
88.6030099999999976
21
-172.6948380000000043
0
LINE
8
BLACK
6
CONTINUOUS
10
88.6030099999999976
20
-172.6948380000000043
11
88.7934869999999989
21
-172.599599999999981
0
LINE
8
BLACK
6
CONTINUOUS
10
88.7934869999999989
20
-172.599599999999981
11
88.8887249999999938
21
-172.4091229999999939
0
LINE
8
BLACK
6
CONTINUOUS
10
88.8887249999999938
20
-172.4091229999999939
11
88.8887249999999938
21
-172.3138849999999991
0
LINE
8
BLACK
6
CONTINUOUS
10
88.8887249999999938
20
-172.3138849999999991
11
88.7934869999999989
21
-172.123408999999981
0
LINE
8
BLACK
6
CONTINUOUS
10
88.7934869999999989
20
-172.123408999999981
11
88.6030099999999976
21
-172.0281709999999862
0
LINE
8
BLACK
6
CONTINUOUS
10
88.6030099999999976
20
-172.0281709999999862
11
88.3172959999999989
21
-172.0281709999999862
0
LINE
8
BLACK
6
CONTINUOUS
10
88.3172959999999989
20
-172.0281709999999862
11
88.126819999999995
21
-171.9329329999999914
0
LINE
8
BLACK
6
CONTINUOUS
10
88.126819999999995
20
-171.9329329999999914
11
88.0315820000000002
21
-171.7424570000000017
0
LINE
8
BLACK
6
CONTINUOUS
10
88.0315820000000002
20
-171.7424570000000017
11
88.0315820000000002
21
-171.6472189999999785
0
LINE
8
BLACK
6
CONTINUOUS
10
88.0315820000000002
20
-171.6472189999999785
11
88.126819999999995
21
-171.4567419999999913
0
LINE
8
BLACK
6
CONTINUOUS
10
88.126819999999995
20
-171.4567419999999913
11
88.3172959999999989
21
-171.3615039999999965
0
LINE
8
BLACK
6
CONTINUOUS
10
88.3172959999999989
20
-171.3615039999999965
11
88.6030099999999976
21
-171.3615039999999965
0
LINE
8
BLACK
6
CONTINUOUS
10
88.6030099999999976
20
-171.3615039999999965
11
88.7934869999999989
21
-171.4567419999999913
0
LINE
8
BLACK
6
CONTINUOUS
10
89.5553919999999977
20
-173.4567419999999913
11
89.6506299999999925
21
-173.3615039999999965
0
LINE
8
BLACK
6
CONTINUOUS
10
89.6506299999999925
20
-173.3615039999999965
11
89.8411059999999964
21
-173.0757899999999836
0
LINE
8
BLACK
6
CONTINUOUS
10
89.8411059999999964
20
-173.0757899999999836
11
89.9363439999999912
21
-172.8853139999999939
0
LINE
8
BLACK
6
CONTINUOUS
10
89.9363439999999912
20
-172.8853139999999939
11
90.0315820000000002
21
-172.599599999999981
0
LINE
8
BLACK
6
CONTINUOUS
10
90.0315820000000002
20
-172.599599999999981
11
90.126819999999995
21
-172.123408999999981
0
LINE
8
BLACK
6
CONTINUOUS
10
90.126819999999995
20
-172.123408999999981
11
90.126819999999995
21
-171.7424570000000017
0
LINE
8
BLACK
6
CONTINUOUS
10
90.126819999999995
20
-171.7424570000000017
11
90.0315820000000002
21
-171.2662660000000017
0
LINE
8
BLACK
6
CONTINUOUS
10
90.0315820000000002
20
-171.2662660000000017
11
89.9363439999999912
21
-170.9805519999999888
0
LINE
8
BLACK
6
CONTINUOUS
10
89.9363439999999912
20
-170.9805519999999888
11
89.8411059999999964
21
-170.7900759999999991
0
LINE
8
BLACK
6
CONTINUOUS
10
89.8411059999999964
20
-170.7900759999999991
11
89.6506299999999925
21
-170.5043609999999887
0
LINE
8
BLACK
6
CONTINUOUS
10
89.6506299999999925
20
-170.5043609999999887
11
89.5553919999999977
21
-170.4091229999999939
0
LINE
8
BLACK
6
CONTINUOUS
10
39.6949789999999965
20
-174.9149789999999882
11
39.6949789999999965
21
-173.9250209999999868
0
LINE
8
BLACK
6
CONTINUOUS
10
39.6949789999999965
20
-173.9250209999999868
11
38.705020999999995
21
-173.9250209999999868
0
LINE
8
BLACK
6
CONTINUOUS
10
38.705020999999995
20
-173.9250209999999868
11
38.705020999999995
21
-174.9149789999999882
0
LINE
8
BLACK
6
CONTINUOUS
10
38.705020999999995
20
-174.9149789999999882
11
39.6949789999999965
21
-174.9149789999999882
0
LINE
8
BLACK
6
CONTINUOUS
10
43.5553869999999961
20
-175.3348379999999906
11
42.4125299999999967
21
-175.3348379999999906
0
LINE
8
BLACK
6
CONTINUOUS
10
42.9839580000000012
20
-175.3348379999999906
11
42.9839580000000012
21
-173.3348379999999906
0
LINE
8
BLACK
6
CONTINUOUS
10
42.9839580000000012
20
-173.3348379999999906
11
42.7934819999999974
21
-173.6205520000000035
0
LINE
8
BLACK
6
CONTINUOUS
10
42.7934819999999974
20
-173.6205520000000035
11
42.6030060000000006
21
-173.8110279999999932
0
LINE
8
BLACK
6
CONTINUOUS
10
42.6030060000000006
20
-173.8110279999999932
11
42.4125299999999967
21
-173.906265999999988
0
LINE
8
BLACK
6
CONTINUOUS
10
44.4125299999999967
20
-175.1443610000000035
11
44.5077679999999987
21
-175.2395999999999958
0
LINE
8
BLACK
6
CONTINUOUS
10
44.5077679999999987
20
-175.2395999999999958
11
44.4125299999999967
21
-175.3348379999999906
0
LINE
8
BLACK
6
CONTINUOUS
10
44.4125299999999967
20
-175.3348379999999906
11
44.3172919999999948
21
-175.2395999999999958
0
LINE
8
BLACK
6
CONTINUOUS
10
44.3172919999999948
20
-175.2395999999999958
11
44.4125299999999967
21
-175.1443610000000035
0
LINE
8
BLACK
6
CONTINUOUS
10
44.4125299999999967
20
-175.1443610000000035
11
44.4125299999999967
21
-175.3348379999999906
0
LINE
8
BLACK
6
CONTINUOUS
10
46.222054
20
-174.0015039999999829
11
46.222054
21
-175.3348379999999906
0
LINE
8
BLACK
6
CONTINUOUS
10
45.7458629999999999
20
-173.2395999999999958
11
45.2696729999999974
21
-174.668171000000001
0
LINE
8
BLACK
6
CONTINUOUS
10
45.2696729999999974
20
-174.668171000000001
11
46.5077679999999987
21
-174.668171000000001
0
LINE
8
BLACK
6
CONTINUOUS
10
47.650624999999998
20
-173.3348379999999906
11
47.8411019999999994
21
-173.3348379999999906
0
LINE
8
BLACK
6
CONTINUOUS
10
47.8411019999999994
20
-173.3348379999999906
11
48.0315779999999961
21
-173.4300759999999855
0
LINE
8
BLACK
6
CONTINUOUS
10
48.0315779999999961
20
-173.4300759999999855
11
48.126815999999998
21
-173.5253139999999803
0
LINE
8
BLACK
6
CONTINUOUS
10
48.126815999999998
20
-173.5253139999999803
11
48.222054
21
-173.7157899999999984
0
LINE
8
BLACK
6
CONTINUOUS
10
48.222054
20
-173.7157899999999984
11
48.3172919999999948
21
-174.0967420000000061
0
LINE
8
BLACK
6
CONTINUOUS
10
48.3172919999999948
20
-174.0967420000000061
11
48.3172919999999948
21
-174.5729330000000061
0
LINE
8
BLACK
6
CONTINUOUS
10
48.3172919999999948
20
-174.5729330000000061
11
48.222054
21
-174.9538849999999854
0
LINE
8
BLACK
6
CONTINUOUS
10
48.222054
20
-174.9538849999999854
11
48.126815999999998
21
-175.1443610000000035
0
LINE
8
BLACK
6
CONTINUOUS
10
48.126815999999998
20
-175.1443610000000035
11
48.0315779999999961
21
-175.2395999999999958
0
LINE
8
BLACK
6
CONTINUOUS
10
48.0315779999999961
20
-175.2395999999999958
11
47.8411019999999994
21
-175.3348379999999906
0
LINE
8
BLACK
6
CONTINUOUS
10
47.8411019999999994
20
-175.3348379999999906
11
47.650624999999998
21
-175.3348379999999906
0
LINE
8
BLACK
6
CONTINUOUS
10
47.650624999999998
20
-175.3348379999999906
11
47.4601490000000013
21
-175.2395999999999958
0
LINE
8
BLACK
6
CONTINUOUS
10
47.4601490000000013
20
-175.2395999999999958
11
47.3649109999999993
21
-175.1443610000000035
0
LINE
8
BLACK
6
CONTINUOUS
10
47.3649109999999993
20
-175.1443610000000035
11
47.2696729999999974
21
-174.9538849999999854
0
LINE
8
BLACK
6
CONTINUOUS
10
47.2696729999999974
20
-174.9538849999999854
11
47.1744349999999955
21
-174.5729330000000061
0
LINE
8
BLACK
6
CONTINUOUS
10
47.1744349999999955
20
-174.5729330000000061
11
47.1744349999999955
21
-174.0967420000000061
0
LINE
8
BLACK
6
CONTINUOUS
10
47.1744349999999955
20
-174.0967420000000061
11
47.2696729999999974
21
-173.7157899999999984
0
LINE
8
BLACK
6
CONTINUOUS
10
47.2696729999999974
20
-173.7157899999999984
11
47.3649109999999993
21
-173.5253139999999803
0
LINE
8
BLACK
6
CONTINUOUS
10
47.3649109999999993
20
-173.5253139999999803
11
47.4601490000000013
21
-173.4300759999999855
0
LINE
8
BLACK
6
CONTINUOUS
10
47.4601490000000013
20
-173.4300759999999855
11
47.650624999999998
21
-173.3348379999999906
0
LINE
8
BLACK
6
CONTINUOUS
10
49.5553869999999961
20
-173.3348379999999906
11
49.7458639999999974
21
-173.3348379999999906
0
LINE
8
BLACK
6
CONTINUOUS
10
49.7458639999999974
20
-173.3348379999999906
11
49.9363400000000013
21
-173.4300759999999855
0
LINE
8
BLACK
6
CONTINUOUS
10
49.9363400000000013
20
-173.4300759999999855
11
50.0315779999999961
21
-173.5253139999999803
0
LINE
8
BLACK
6
CONTINUOUS
10
50.0315779999999961
20
-173.5253139999999803
11
50.126815999999998
21
-173.7157899999999984
0
LINE
8
BLACK
6
CONTINUOUS
10
50.126815999999998
20
-173.7157899999999984
11
50.222054
21
-174.0967420000000061
0
LINE
8
BLACK
6
CONTINUOUS
10
50.222054
20
-174.0967420000000061
11
50.222054
21
-174.5729330000000061
0
LINE
8
BLACK
6
CONTINUOUS
10
50.222054
20
-174.5729330000000061
11
50.126815999999998
21
-174.9538849999999854
0
LINE
8
BLACK
6
CONTINUOUS
10
50.126815999999998
20
-174.9538849999999854
11
50.0315779999999961
21
-175.1443610000000035
0
LINE
8
BLACK
6
CONTINUOUS
10
50.0315779999999961
20
-175.1443610000000035
11
49.9363400000000013
21
-175.2395999999999958
0
LINE
8
BLACK
6
CONTINUOUS
10
49.9363400000000013
20
-175.2395999999999958
11
49.7458639999999974
21
-175.3348379999999906
0
LINE
8
BLACK
6
CONTINUOUS
10
49.7458639999999974
20
-175.3348379999999906
11
49.5553869999999961
21
-175.3348379999999906
0
LINE
8
BLACK
6
CONTINUOUS
10
49.5553869999999961
20
-175.3348379999999906
11
49.3649109999999993
21
-175.2395999999999958
0
LINE
8
BLACK
6
CONTINUOUS
10
49.3649109999999993
20
-175.2395999999999958
11
49.2696729999999974
21
-175.1443610000000035
0
LINE
8
BLACK
6
CONTINUOUS
10
49.2696729999999974
20
-175.1443610000000035
11
49.1744349999999955
21
-174.9538849999999854
0
LINE
8
BLACK
6
CONTINUOUS
10
49.1744349999999955
20
-174.9538849999999854
11
49.0791970000000006
21
-174.5729330000000061
0
LINE
8
BLACK
6
CONTINUOUS
10
49.0791970000000006
20
-174.5729330000000061
11
49.0791970000000006
21
-174.0967420000000061
0
LINE
8
BLACK
6
CONTINUOUS
10
49.0791970000000006
20
-174.0967420000000061
11
49.1744349999999955
21
-173.7157899999999984
0
LINE
8
BLACK
6
CONTINUOUS
10
49.1744349999999955
20
-173.7157899999999984
11
49.2696729999999974
21
-173.5253139999999803
0
LINE
8
BLACK
6
CONTINUOUS
10
49.2696729999999974
20
-173.5253139999999803
11
49.3649109999999993
21
-173.4300759999999855
0
LINE
8
BLACK
6
CONTINUOUS
10
49.3649109999999993
20
-173.4300759999999855
11
49.5553869999999961
21
-173.3348379999999906
0
LINE
8
BLACK
6
CONTINUOUS
10
51.0791970000000006
20
-175.3348379999999906
11
51.0791970000000006
21
-174.0015039999999829
0
LINE
8
BLACK
6
CONTINUOUS
10
51.0791970000000006
20
-174.1919800000000009
11
51.1744349999999955
21
-174.0967420000000061
0
LINE
8
BLACK
6
CONTINUOUS
10
51.1744349999999955
20
-174.0967420000000061
11
51.3649109999999993
21
-174.0015039999999829
0
LINE
8
BLACK
6
CONTINUOUS
10
51.3649109999999993
20
-174.0015039999999829
11
51.6506259999999955
21
-174.0015039999999829
0
LINE
8
BLACK
6
CONTINUOUS
10
51.6506259999999955
20
-174.0015039999999829
11
51.8411019999999994
21
-174.0967420000000061
0
LINE
8
BLACK
6
CONTINUOUS
10
51.8411019999999994
20
-174.0967420000000061
11
51.9363399999999942
21
-174.2872189999999932
0
LINE
8
BLACK
6
CONTINUOUS
10
51.9363399999999942
20
-174.2872189999999932
11
51.9363399999999942
21
-175.3348379999999906
0
LINE
8
BLACK
6
CONTINUOUS
10
51.9363399999999942
20
-174.2872189999999932
11
52.0315779999999961
21
-174.0967420000000061
0
LINE
8
BLACK
6
CONTINUOUS
10
52.0315779999999961
20
-174.0967420000000061
11
52.222054
21
-174.0015039999999829
0
LINE
8
BLACK
6
CONTINUOUS
10
52.222054
20
-174.0015039999999829
11
52.5077679999999987
21
-174.0015039999999829
0
LINE
8
BLACK
6
CONTINUOUS
10
52.5077679999999987
20
-174.0015039999999829
11
52.698245
21
-174.0967420000000061
0
LINE
8
BLACK
6
CONTINUOUS
10
52.698245
20
-174.0967420000000061
11
52.7934829999999948
21
-174.2872189999999932
0
LINE
8
BLACK
6
CONTINUOUS
10
52.7934829999999948
20
-174.2872189999999932
11
52.7934829999999948
21
-175.3348379999999906
0
LINE
8
BLACK
6
CONTINUOUS
10
53.7458639999999974
20
-175.3348379999999906
11
53.7458639999999974
21
-174.0015039999999829
0
LINE
8
BLACK
6
CONTINUOUS
10
53.7458639999999974
20
-174.1919800000000009
11
53.8411019999999994
21
-174.0967420000000061
0
LINE
8
BLACK
6
CONTINUOUS
10
53.8411019999999994
20
-174.0967420000000061
11
54.0315779999999961
21
-174.0015039999999829
0
LINE
8
BLACK
6
CONTINUOUS
10
54.0315779999999961
20
-174.0015039999999829
11
54.3172929999999994
21
-174.0015039999999829
0
LINE
8
BLACK
6
CONTINUOUS
10
54.3172929999999994
20
-174.0015039999999829
11
54.5077689999999961
21
-174.0967420000000061
0
LINE
8
BLACK
6
CONTINUOUS
10
54.5077689999999961
20
-174.0967420000000061
11
54.6030069999999981
21
-174.2872189999999932
0
LINE
8
BLACK
6
CONTINUOUS
10
54.6030069999999981
20
-174.2872189999999932
11
54.6030069999999981
21
-175.3348379999999906
0
LINE
8
BLACK
6
CONTINUOUS
10
54.6030069999999981
20
-174.2872189999999932
11
54.698245
21
-174.0967420000000061
0
LINE
8
BLACK
6
CONTINUOUS
10
54.698245
20
-174.0967420000000061
11
54.8887209999999968
21
-174.0015039999999829
0
LINE
8
BLACK
6
CONTINUOUS
10
54.8887209999999968
20
-174.0015039999999829
11
55.1744349999999955
21
-174.0015039999999829
0
LINE
8
BLACK
6
CONTINUOUS
10
55.1744349999999955
20
-174.0015039999999829
11
55.3649119999999968
21
-174.0967420000000061
0
LINE
8
BLACK
6
CONTINUOUS
10
55.3649119999999968
20
-174.0967420000000061
11
55.4601499999999987
21
-174.2872189999999932
0
LINE
8
BLACK
6
CONTINUOUS
10
55.4601499999999987
20
-174.2872189999999932
11
55.4601499999999987
21
-175.3348379999999906
0
LINE
8
BLACK
6
CONTINUOUS
10
59.3649119999999968
20
-173.2395999999999958
11
57.6506270000000001
21
-175.8110279999999932
0
LINE
8
BLACK
6
CONTINUOUS
10
61.9363409999999988
20
-173.3348379999999906
11
62.1268180000000001
21
-173.3348379999999906
0
LINE
8
BLACK
6
CONTINUOUS
10
62.1268180000000001
20
-173.3348379999999906
11
62.3172939999999969
21
-173.4300759999999855
0
LINE
8
BLACK
6
CONTINUOUS
10
62.3172939999999969
20
-173.4300759999999855
11
62.4125319999999988
21
-173.5253139999999803
0
LINE
8
BLACK
6
CONTINUOUS
10
62.4125319999999988
20
-173.5253139999999803
11
62.5077700000000007
21
-173.7157899999999984
0
LINE
8
BLACK
6
CONTINUOUS
10
62.5077700000000007
20
-173.7157899999999984
11
62.6030079999999955
21
-174.0967420000000061
0
LINE
8
BLACK
6
CONTINUOUS
10
62.6030079999999955
20
-174.0967420000000061
11
62.6030079999999955
21
-174.5729330000000061
0
LINE
8
BLACK
6
CONTINUOUS
10
62.6030079999999955
20
-174.5729330000000061
11
62.5077700000000007
21
-174.9538849999999854
0
LINE
8
BLACK
6
CONTINUOUS
10
62.5077700000000007
20
-174.9538849999999854
11
62.4125319999999988
21
-175.1443610000000035
0
LINE
8
BLACK
6
CONTINUOUS
10
62.4125319999999988
20
-175.1443610000000035
11
62.3172939999999969
21
-175.2395999999999958
0
LINE
8
BLACK
6
CONTINUOUS
10
62.3172939999999969
20
-175.2395999999999958
11
62.1268180000000001
21
-175.3348379999999906
0
LINE
8
BLACK
6
CONTINUOUS
10
62.1268180000000001
20
-175.3348379999999906
11
61.9363409999999988
21
-175.3348379999999906
0
LINE
8
BLACK
6
CONTINUOUS
10
61.9363409999999988
20
-175.3348379999999906
11
61.7458649999999949
21
-175.2395999999999958
0
LINE
8
BLACK
6
CONTINUOUS
10
61.7458649999999949
20
-175.2395999999999958
11
61.6506270000000001
21
-175.1443610000000035
0
LINE
8
BLACK
6
CONTINUOUS
10
61.6506270000000001
20
-175.1443610000000035
11
61.5553889999999981
21
-174.9538849999999854
0
LINE
8
BLACK
6
CONTINUOUS
10
61.5553889999999981
20
-174.9538849999999854
11
61.4601509999999962
21
-174.5729330000000061
0
LINE
8
BLACK
6
CONTINUOUS
10
61.4601509999999962
20
-174.5729330000000061
11
61.4601509999999962
21
-174.0967420000000061
0
LINE
8
BLACK
6
CONTINUOUS
10
61.4601509999999962
20
-174.0967420000000061
11
61.5553889999999981
21
-173.7157899999999984
0
LINE
8
BLACK
6
CONTINUOUS
10
61.5553889999999981
20
-173.7157899999999984
11
61.6506270000000001
21
-173.5253139999999803
0
LINE
8
BLACK
6
CONTINUOUS
10
61.6506270000000001
20
-173.5253139999999803
11
61.7458649999999949
21
-173.4300759999999855
0
LINE
8
BLACK
6
CONTINUOUS
10
61.7458649999999949
20
-173.4300759999999855
11
61.9363409999999988
21
-173.3348379999999906
0
LINE
8
BLACK
6
CONTINUOUS
10
63.4601509999999962
20
-175.1443610000000035
11
63.5553889999999981
21
-175.2395999999999958
0
LINE
8
BLACK
6
CONTINUOUS
10
63.5553889999999981
20
-175.2395999999999958
11
63.4601509999999962
21
-175.3348379999999906
0
LINE
8
BLACK
6
CONTINUOUS
10
63.4601509999999962
20
-175.3348379999999906
11
63.3649129999999943
21
-175.2395999999999958
0
LINE
8
BLACK
6
CONTINUOUS
10
63.3649129999999943
20
-175.2395999999999958
11
63.4601509999999962
21
-175.1443610000000035
0
LINE
8
BLACK
6
CONTINUOUS
10
63.4601509999999962
20
-175.1443610000000035
11
63.4601509999999962
21
-175.3348379999999906
0
LINE
8
BLACK
6
CONTINUOUS
10
64.7934839999999923
20
-173.3348379999999906
11
64.9839609999999936
21
-173.3348379999999906
0
LINE
8
BLACK
6
CONTINUOUS
10
64.9839609999999936
20
-173.3348379999999906
11
65.1744369999999975
21
-173.4300759999999855
0
LINE
8
BLACK
6
CONTINUOUS
10
65.1744369999999975
20
-173.4300759999999855
11
65.2696749999999923
21
-173.5253139999999803
0
LINE
8
BLACK
6
CONTINUOUS
10
65.2696749999999923
20
-173.5253139999999803
11
65.3649130000000014
21
-173.7157899999999984
0
LINE
8
BLACK
6
CONTINUOUS
10
65.3649130000000014
20
-173.7157899999999984
11
65.4601509999999962
21
-174.0967420000000061
0
LINE
8
BLACK
6
CONTINUOUS
10
65.4601509999999962
20
-174.0967420000000061
11
65.4601509999999962
21
-174.5729330000000061
0
LINE
8
BLACK
6
CONTINUOUS
10
65.4601509999999962
20
-174.5729330000000061
11
65.3649130000000014
21
-174.9538849999999854
0
LINE
8
BLACK
6
CONTINUOUS
10
65.3649130000000014
20
-174.9538849999999854
11
65.2696749999999923
21
-175.1443610000000035
0
LINE
8
BLACK
6
CONTINUOUS
10
65.2696749999999923
20
-175.1443610000000035
11
65.1744369999999975
21
-175.2395999999999958
0
LINE
8
BLACK
6
CONTINUOUS
10
65.1744369999999975
20
-175.2395999999999958
11
64.9839609999999936
21
-175.3348379999999906
0
LINE
8
BLACK
6
CONTINUOUS
10
64.9839609999999936
20
-175.3348379999999906
11
64.7934839999999923
21
-175.3348379999999906
0
LINE
8
BLACK
6
CONTINUOUS
10
64.7934839999999923
20
-175.3348379999999906
11
64.6030080000000027
21
-175.2395999999999958
0
LINE
8
BLACK
6
CONTINUOUS
10
64.6030080000000027
20
-175.2395999999999958
11
64.5077699999999936
21
-175.1443610000000035
0
LINE
8
BLACK
6
CONTINUOUS
10
64.5077699999999936
20
-175.1443610000000035
11
64.4125319999999988
21
-174.9538849999999854
0
LINE
8
BLACK
6
CONTINUOUS
10
64.4125319999999988
20
-174.9538849999999854
11
64.317294000000004
21
-174.5729330000000061
0
LINE
8
BLACK
6
CONTINUOUS
10
64.317294000000004
20
-174.5729330000000061
11
64.317294000000004
21
-174.0967420000000061
0
LINE
8
BLACK
6
CONTINUOUS
10
64.317294000000004
20
-174.0967420000000061
11
64.4125319999999988
21
-173.7157899999999984
0
LINE
8
BLACK
6
CONTINUOUS
10
64.4125319999999988
20
-173.7157899999999984
11
64.5077699999999936
21
-173.5253139999999803
0
LINE
8
BLACK
6
CONTINUOUS
10
64.5077699999999936
20
-173.5253139999999803
11
64.6030080000000027
21
-173.4300759999999855
0
LINE
8
BLACK
6
CONTINUOUS
10
64.6030080000000027
20
-173.4300759999999855
11
64.7934839999999923
21
-173.3348379999999906
0
LINE
8
BLACK
6
CONTINUOUS
10
67.2696749999999923
20
-173.3348379999999906
11
66.317294000000004
21
-173.3348379999999906
0
LINE
8
BLACK
6
CONTINUOUS
10
66.317294000000004
20
-173.3348379999999906
11
66.2220559999999949
21
-174.2872189999999932
0
LINE
8
BLACK
6
CONTINUOUS
10
66.2220559999999949
20
-174.2872189999999932
11
66.317294000000004
21
-174.1919800000000009
0
LINE
8
BLACK
6
CONTINUOUS
10
66.317294000000004
20
-174.1919800000000009
11
66.5077699999999936
21
-174.0967420000000061
0
LINE
8
BLACK
6
CONTINUOUS
10
66.5077699999999936
20
-174.0967420000000061
11
66.9839609999999936
21
-174.0967420000000061
0
LINE
8
BLACK
6
CONTINUOUS
10
66.9839609999999936
20
-174.0967420000000061
11
67.1744369999999975
21
-174.1919800000000009
0
LINE
8
BLACK
6
CONTINUOUS
10
67.1744369999999975
20
-174.1919800000000009
11
67.2696749999999923
21
-174.2872189999999932
0
LINE
8
BLACK
6
CONTINUOUS
10
67.2696749999999923
20
-174.2872189999999932
11
67.3649130000000014
21
-174.4776949999999829
0
LINE
8
BLACK
6
CONTINUOUS
10
67.3649130000000014
20
-174.4776949999999829
11
67.3649130000000014
21
-174.9538849999999854
0
LINE
8
BLACK
6
CONTINUOUS
10
67.3649130000000014
20
-174.9538849999999854
11
67.2696749999999923
21
-175.1443610000000035
0
LINE
8
BLACK
6
CONTINUOUS
10
67.2696749999999923
20
-175.1443610000000035
11
67.1744369999999975
21
-175.2395999999999958
0
LINE
8
BLACK
6
CONTINUOUS
10
67.1744369999999975
20
-175.2395999999999958
11
66.9839609999999936
21
-175.3348379999999906
0
LINE
8
BLACK
6
CONTINUOUS
10
66.9839609999999936
20
-175.3348379999999906
11
66.5077699999999936
21
-175.3348379999999906
0
LINE
8
BLACK
6
CONTINUOUS
10
66.5077699999999936
20
-175.3348379999999906
11
66.317294000000004
21
-175.2395999999999958
0
LINE
8
BLACK
6
CONTINUOUS
10
66.317294000000004
20
-175.2395999999999958
11
66.2220559999999949
21
-175.1443610000000035
0
LINE
8
BLACK
6
CONTINUOUS
10
69.1744369999999975
20
-173.3348379999999906
11
68.2220559999999949
21
-173.3348379999999906
0
LINE
8
BLACK
6
CONTINUOUS
10
68.2220559999999949
20
-173.3348379999999906
11
68.1268180000000001
21
-174.2872189999999932
0
LINE
8
BLACK
6
CONTINUOUS
10
68.1268180000000001
20
-174.2872189999999932
11
68.2220559999999949
21
-174.1919800000000009
0
LINE
8
BLACK
6
CONTINUOUS
10
68.2220559999999949
20
-174.1919800000000009
11
68.4125319999999988
21
-174.0967420000000061
0
LINE
8
BLACK
6
CONTINUOUS
10
68.4125319999999988
20
-174.0967420000000061
11
68.8887229999999988
21
-174.0967420000000061
0
LINE
8
BLACK
6
CONTINUOUS
10
68.8887229999999988
20
-174.0967420000000061
11
69.0791990000000027
21
-174.1919800000000009
0
LINE
8
BLACK
6
CONTINUOUS
10
69.0791990000000027
20
-174.1919800000000009
11
69.1744369999999975
21
-174.2872189999999932
0
LINE
8
BLACK
6
CONTINUOUS
10
69.1744369999999975
20
-174.2872189999999932
11
69.2696749999999923
21
-174.4776949999999829
0
LINE
8
BLACK
6
CONTINUOUS
10
69.2696749999999923
20
-174.4776949999999829
11
69.2696749999999923
21
-174.9538849999999854
0
LINE
8
BLACK
6
CONTINUOUS
10
69.2696749999999923
20
-174.9538849999999854
11
69.1744369999999975
21
-175.1443610000000035
0
LINE
8
BLACK
6
CONTINUOUS
10
69.1744369999999975
20
-175.1443610000000035
11
69.0791990000000027
21
-175.2395999999999958
0
LINE
8
BLACK
6
CONTINUOUS
10
69.0791990000000027
20
-175.2395999999999958
11
68.8887229999999988
21
-175.3348379999999906
0
LINE
8
BLACK
6
CONTINUOUS
10
68.8887229999999988
20
-175.3348379999999906
11
68.4125319999999988
21
-175.3348379999999906
0
LINE
8
BLACK
6
CONTINUOUS
10
68.4125319999999988
20
-175.3348379999999906
11
68.2220559999999949
21
-175.2395999999999958
0
LINE
8
BLACK
6
CONTINUOUS
10
68.2220559999999949
20
-175.2395999999999958
11
68.1268180000000001
21
-175.1443610000000035
0
LINE
8
BLACK
6
CONTINUOUS
10
71.1744369999999975
20
-175.3348379999999906
11
70.0315799999999911
21
-175.3348379999999906
0
LINE
8
BLACK
6
CONTINUOUS
10
70.6030080000000027
20
-175.3348379999999906
11
70.6030080000000027
21
-173.3348379999999906
0
LINE
8
BLACK
6
CONTINUOUS
10
70.6030080000000027
20
-173.3348379999999906
11
70.4125319999999988
21
-173.6205520000000035
0
LINE
8
BLACK
6
CONTINUOUS
10
70.4125319999999988
20
-173.6205520000000035
11
70.2220559999999949
21
-173.8110279999999932
0
LINE
8
BLACK
6
CONTINUOUS
10
70.2220559999999949
20
-173.8110279999999932
11
70.0315799999999911
21
-173.906265999999988
0
LINE
8
BLACK
6
CONTINUOUS
10
71.9363419999999962
20
-173.3348379999999906
11
71.9363419999999962
21
-173.7157899999999984
0
LINE
8
BLACK
6
CONTINUOUS
10
72.698246999999995
20
-173.3348379999999906
11
72.698246999999995
21
-173.7157899999999984
0
LINE
8
BLACK
6
CONTINUOUS
10
75.650628999999995
20
-176.0967420000000061
11
75.5553900000000027
21
-176.0015039999999829
0
LINE
8
BLACK
6
CONTINUOUS
10
75.5553900000000027
20
-176.0015039999999829
11
75.3649139999999989
21
-175.7157899999999984
0
LINE
8
BLACK
6
CONTINUOUS
10
75.3649139999999989
20
-175.7157899999999984
11
75.2696759999999898
21
-175.5253139999999803
0
LINE
8
BLACK
6
CONTINUOUS
10
75.2696759999999898
20
-175.5253139999999803
11
75.174437999999995
21
-175.2395999999999958
0
LINE
8
BLACK
6
CONTINUOUS
10
75.174437999999995
20
-175.2395999999999958
11
75.0792000000000002
21
-174.7634089999999958
0
LINE
8
BLACK
6
CONTINUOUS
10
75.0792000000000002
20
-174.7634089999999958
11
75.0792000000000002
21
-174.3824569999999881
0
LINE
8
BLACK
6
CONTINUOUS
10
75.0792000000000002
20
-174.3824569999999881
11
75.174437999999995
21
-173.906265999999988
0
LINE
8
BLACK
6
CONTINUOUS
10
75.174437999999995
20
-173.906265999999988
11
75.2696759999999898
21
-173.6205520000000035
0
LINE
8
BLACK
6
CONTINUOUS
10
75.2696759999999898
20
-173.6205520000000035
11
75.3649139999999989
21
-173.4300759999999855
0
LINE
8
BLACK
6
CONTINUOUS
10
75.3649139999999989
20
-173.4300759999999855
11
75.5553900000000027
21
-173.1443610000000035
0
LINE
8
BLACK
6
CONTINUOUS
10
75.5553900000000027
20
-173.1443610000000035
11
75.650628999999995
21
-173.0491229999999803
0
LINE
8
BLACK
6
CONTINUOUS
10
76.5077709999999911
20
-175.3348379999999906
11
76.8887229999999988
21
-175.3348379999999906
0
LINE
8
BLACK
6
CONTINUOUS
10
76.8887229999999988
20
-175.3348379999999906
11
77.0792000000000002
21
-175.2395999999999958
0
LINE
8
BLACK
6
CONTINUOUS
10
77.0792000000000002
20
-175.2395999999999958
11
77.174437999999995
21
-175.1443610000000035
0
LINE
8
BLACK
6
CONTINUOUS
10
77.174437999999995
20
-175.1443610000000035
11
77.3649139999999989
21
-174.8586469999999906
0
LINE
8
BLACK
6
CONTINUOUS
10
77.3649139999999989
20
-174.8586469999999906
11
77.4601519999999937
21
-174.4776949999999829
0
LINE
8
BLACK
6
CONTINUOUS
10
77.4601519999999937
20
-174.4776949999999829
11
77.4601519999999937
21
-173.7157899999999984
0
LINE
8
BLACK
6
CONTINUOUS
10
77.4601519999999937
20
-173.7157899999999984
11
77.3649139999999989
21
-173.5253139999999803
0
LINE
8
BLACK
6
CONTINUOUS
10
77.3649139999999989
20
-173.5253139999999803
11
77.2696759999999898
21
-173.4300759999999855
0
LINE
8
BLACK
6
CONTINUOUS
10
77.2696759999999898
20
-173.4300759999999855
11
77.0792000000000002
21
-173.3348379999999906
0
LINE
8
BLACK
6
CONTINUOUS
10
77.0792000000000002
20
-173.3348379999999906
11
76.698246999999995
21
-173.3348379999999906
0
LINE
8
BLACK
6
CONTINUOUS
10
76.698246999999995
20
-173.3348379999999906
11
76.5077709999999911
21
-173.4300759999999855
0
LINE
8
BLACK
6
CONTINUOUS
10
76.5077709999999911
20
-173.4300759999999855
11
76.4125329999999963
21
-173.5253139999999803
0
LINE
8
BLACK
6
CONTINUOUS
10
76.4125329999999963
20
-173.5253139999999803
11
76.3172950000000014
21
-173.7157899999999984
0
LINE
8
BLACK
6
CONTINUOUS
10
76.3172950000000014
20
-173.7157899999999984
11
76.3172950000000014
21
-174.1919800000000009
0
LINE
8
BLACK
6
CONTINUOUS
10
76.3172950000000014
20
-174.1919800000000009
11
76.4125329999999963
21
-174.3824569999999881
0
LINE
8
BLACK
6
CONTINUOUS
10
76.4125329999999963
20
-174.3824569999999881
11
76.5077709999999911
21
-174.4776949999999829
0
LINE
8
BLACK
6
CONTINUOUS
10
76.5077709999999911
20
-174.4776949999999829
11
76.698246999999995
21
-174.5729330000000061
0
LINE
8
BLACK
6
CONTINUOUS
10
76.698246999999995
20
-174.5729330000000061
11
77.0792000000000002
21
-174.5729330000000061
0
LINE
8
BLACK
6
CONTINUOUS
10
77.0792000000000002
20
-174.5729330000000061
11
77.2696759999999898
21
-174.4776949999999829
0
LINE
8
BLACK
6
CONTINUOUS
10
77.2696759999999898
20
-174.4776949999999829
11
77.3649139999999989
21
-174.3824569999999881
0
LINE
8
BLACK
6
CONTINUOUS
10
77.3649139999999989
20
-174.3824569999999881
11
77.4601519999999937
21
-174.1919800000000009
0
LINE
8
BLACK
6
CONTINUOUS
10
79.8411049999999989
20
-175.3348379999999906
11
79.8411049999999989
21
-173.3348379999999906
0
LINE
8
BLACK
6
CONTINUOUS
10
80.6982479999999924
20
-175.3348379999999906
11
80.6982479999999924
21
-174.2872189999999932
0
LINE
8
BLACK
6
CONTINUOUS
10
80.6982479999999924
20
-174.2872189999999932
11
80.6030099999999976
21
-174.0967420000000061
0
LINE
8
BLACK
6
CONTINUOUS
10
80.6030099999999976
20
-174.0967420000000061
11
80.4125339999999937
21
-174.0015039999999829
0
LINE
8
BLACK
6
CONTINUOUS
10
80.4125339999999937
20
-174.0015039999999829
11
80.1268189999999976
21
-174.0015039999999829
0
LINE
8
BLACK
6
CONTINUOUS
10
80.1268189999999976
20
-174.0015039999999829
11
79.9363429999999937
21
-174.0967420000000061
0
LINE
8
BLACK
6
CONTINUOUS
10
79.9363429999999937
20
-174.0967420000000061
11
79.8411049999999989
21
-174.1919800000000009
0
LINE
8
BLACK
6
CONTINUOUS
10
81.9363429999999937
20
-175.3348379999999906
11
81.7458669999999898
21
-175.2395999999999958
0
LINE
8
BLACK
6
CONTINUOUS
10
81.7458669999999898
20
-175.2395999999999958
11
81.650628999999995
21
-175.1443610000000035
0
LINE
8
BLACK
6
CONTINUOUS
10
81.650628999999995
20
-175.1443610000000035
11
81.5553910000000002
21
-174.9538849999999854
0
LINE
8
BLACK
6
CONTINUOUS
10
81.5553910000000002
20
-174.9538849999999854
11
81.5553910000000002
21
-174.3824569999999881
0
LINE
8
BLACK
6
CONTINUOUS
10
81.5553910000000002
20
-174.3824569999999881
11
81.650628999999995
21
-174.1919800000000009
0
LINE
8
BLACK
6
CONTINUOUS
10
81.650628999999995
20
-174.1919800000000009
11
81.7458669999999898
21
-174.0967420000000061
0
LINE
8
BLACK
6
CONTINUOUS
10
81.7458669999999898
20
-174.0967420000000061
11
81.9363429999999937
21
-174.0015039999999829
0
LINE
8
BLACK
6
CONTINUOUS
10
81.9363429999999937
20
-174.0015039999999829
11
82.2220579999999899
21
-174.0015039999999829
0
LINE
8
BLACK
6
CONTINUOUS
10
82.2220579999999899
20
-174.0015039999999829
11
82.4125339999999937
21
-174.0967420000000061
0
LINE
8
BLACK
6
CONTINUOUS
10
82.4125339999999937
20
-174.0967420000000061
11
82.5077720000000028
21
-174.1919800000000009
0
LINE
8
BLACK
6
CONTINUOUS
10
82.5077720000000028
20
-174.1919800000000009
11
82.6030099999999976
21
-174.3824569999999881
0
LINE
8
BLACK
6
CONTINUOUS
10
82.6030099999999976
20
-174.3824569999999881
11
82.6030099999999976
21
-174.9538849999999854
0
LINE
8
BLACK
6
CONTINUOUS
10
82.6030099999999976
20
-174.9538849999999854
11
82.5077720000000028
21
-175.1443610000000035
0
LINE
8
BLACK
6
CONTINUOUS
10
82.5077720000000028
20
-175.1443610000000035
11
82.4125339999999937
21
-175.2395999999999958
0
LINE
8
BLACK
6
CONTINUOUS
10
82.4125339999999937
20
-175.2395999999999958
11
82.2220579999999899
21
-175.3348379999999906
0
LINE
8
BLACK
6
CONTINUOUS
10
82.2220579999999899
20
-175.3348379999999906
11
81.9363429999999937
21
-175.3348379999999906
0
LINE
8
BLACK
6
CONTINUOUS
10
83.7458669999999898
20
-175.3348379999999906
11
83.5553910000000002
21
-175.2395999999999958
0
LINE
8
BLACK
6
CONTINUOUS
10
83.5553910000000002
20
-175.2395999999999958
11
83.4601529999999912
21
-175.0491229999999803
0
LINE
8
BLACK
6
CONTINUOUS
10
83.4601529999999912
20
-175.0491229999999803
11
83.4601529999999912
21
-173.3348379999999906
0
LINE
8
BLACK
6
CONTINUOUS
10
85.2696770000000015
20
-175.2395999999999958
11
85.0792009999999976
21
-175.3348379999999906
0
LINE
8
BLACK
6
CONTINUOUS
10
85.0792009999999976
20
-175.3348379999999906
11
84.6982479999999924
21
-175.3348379999999906
0
LINE
8
BLACK
6
CONTINUOUS
10
84.6982479999999924
20
-175.3348379999999906
11
84.5077720000000028
21
-175.2395999999999958
0
LINE
8
BLACK
6
CONTINUOUS
10
84.5077720000000028
20
-175.2395999999999958
11
84.4125339999999937
21
-175.0491229999999803
0
LINE
8
BLACK
6
CONTINUOUS
10
84.4125339999999937
20
-175.0491229999999803
11
84.4125339999999937
21
-174.2872189999999932
0
LINE
8
BLACK
6
CONTINUOUS
10
84.4125339999999937
20
-174.2872189999999932
11
84.5077720000000028
21
-174.0967420000000061
0
LINE
8
BLACK
6
CONTINUOUS
10
84.5077720000000028
20
-174.0967420000000061
11
84.6982479999999924
21
-174.0015039999999829
0
LINE
8
BLACK
6
CONTINUOUS
10
84.6982479999999924
20
-174.0015039999999829
11
85.0792009999999976
21
-174.0015039999999829
0
LINE
8
BLACK
6
CONTINUOUS
10
85.0792009999999976
20
-174.0015039999999829
11
85.2696770000000015
21
-174.0967420000000061
0
LINE
8
BLACK
6
CONTINUOUS
10
85.2696770000000015
20
-174.0967420000000061
11
85.3649149999999963
21
-174.2872189999999932
0
LINE
8
BLACK
6
CONTINUOUS
10
85.3649149999999963
20
-174.2872189999999932
11
85.3649149999999963
21
-174.4776949999999829
0
LINE
8
BLACK
6
CONTINUOUS
10
85.3649149999999963
20
-174.4776949999999829
11
84.4125339999999937
21
-174.668171000000001
0
LINE
8
BLACK
6
CONTINUOUS
10
86.126819999999995
20
-175.2395999999999958
11
86.3172959999999989
21
-175.3348379999999906
0
LINE
8
BLACK
6
CONTINUOUS
10
86.3172959999999989
20
-175.3348379999999906
11
86.6982479999999924
21
-175.3348379999999906
0
LINE
8
BLACK
6
CONTINUOUS
10
86.6982479999999924
20
-175.3348379999999906
11
86.8887249999999938
21
-175.2395999999999958
0
LINE
8
BLACK
6
CONTINUOUS
10
86.8887249999999938
20
-175.2395999999999958
11
86.9839630000000028
21
-175.0491229999999803
0
LINE
8
BLACK
6
CONTINUOUS
10
86.9839630000000028
20
-175.0491229999999803
11
86.9839630000000028
21
-174.9538849999999854
0
LINE
8
BLACK
6
CONTINUOUS
10
86.9839630000000028
20
-174.9538849999999854
11
86.8887249999999938
21
-174.7634089999999958
0
LINE
8
BLACK
6
CONTINUOUS
10
86.8887249999999938
20
-174.7634089999999958
11
86.6982479999999924
21
-174.668171000000001
0
LINE
8
BLACK
6
CONTINUOUS
10
86.6982479999999924
20
-174.668171000000001
11
86.4125339999999937
21
-174.668171000000001
0
LINE
8
BLACK
6
CONTINUOUS
10
86.4125339999999937
20
-174.668171000000001
11
86.2220579999999899
21
-174.5729330000000061
0
LINE
8
BLACK
6
CONTINUOUS
10
86.2220579999999899
20
-174.5729330000000061
11
86.126819999999995
21
-174.3824569999999881
0
LINE
8
BLACK
6
CONTINUOUS
10
86.126819999999995
20
-174.3824569999999881
11
86.126819999999995
21
-174.2872189999999932
0
LINE
8
BLACK
6
CONTINUOUS
10
86.126819999999995
20
-174.2872189999999932
11
86.2220579999999899
21
-174.0967420000000061
0
LINE
8
BLACK
6
CONTINUOUS
10
86.2220579999999899
20
-174.0967420000000061
11
86.4125339999999937
21
-174.0015039999999829
0
LINE
8
BLACK
6
CONTINUOUS
10
86.4125339999999937
20
-174.0015039999999829
11
86.6982479999999924
21
-174.0015039999999829
0
LINE
8
BLACK
6
CONTINUOUS
10
86.6982479999999924
20
-174.0015039999999829
11
86.8887249999999938
21
-174.0967420000000061
0
LINE
8
BLACK
6
CONTINUOUS
10
87.6506299999999925
20
-176.0967420000000061
11
87.7458680000000015
21
-176.0015039999999829
0
LINE
8
BLACK
6
CONTINUOUS
10
87.7458680000000015
20
-176.0015039999999829
11
87.9363439999999912
21
-175.7157899999999984
0
LINE
8
BLACK
6
CONTINUOUS
10
87.9363439999999912
20
-175.7157899999999984
11
88.0315820000000002
21
-175.5253139999999803
0
LINE
8
BLACK
6
CONTINUOUS
10
88.0315820000000002
20
-175.5253139999999803
11
88.126819999999995
21
-175.2395999999999958
0
LINE
8
BLACK
6
CONTINUOUS
10
88.126819999999995
20
-175.2395999999999958
11
88.2220579999999899
21
-174.7634089999999958
0
LINE
8
BLACK
6
CONTINUOUS
10
88.2220579999999899
20
-174.7634089999999958
11
88.2220579999999899
21
-174.3824569999999881
0
LINE
8
BLACK
6
CONTINUOUS
10
88.2220579999999899
20
-174.3824569999999881
11
88.126819999999995
21
-173.906265999999988
0
LINE
8
BLACK
6
CONTINUOUS
10
88.126819999999995
20
-173.906265999999988
11
88.0315820000000002
21
-173.6205520000000035
0
LINE
8
BLACK
6
CONTINUOUS
10
88.0315820000000002
20
-173.6205520000000035
11
87.9363439999999912
21
-173.4300759999999855
0
LINE
8
BLACK
6
CONTINUOUS
10
87.9363439999999912
20
-173.4300759999999855
11
87.7458680000000015
21
-173.1443610000000035
0
LINE
8
BLACK
6
CONTINUOUS
10
87.7458680000000015
20
-173.1443610000000035
11
87.6506299999999925
21
-173.0491229999999803
0
LINE
8
BLACK
6
CONTINUOUS
10
39.1499999999999986
20
-177.8100000000000023
11
39.8999999999999986
21
-177.0600000000000023
0
LINE
8
BLACK
6
CONTINUOUS
10
39.8999999999999986
20
-177.0600000000000023
11
39.1499999999999986
21
-176.3100000000000023
0
LINE
8
BLACK
6
CONTINUOUS
10
39.1499999999999986
20
-176.3100000000000023
11
38.3999999999999986
21
-177.0600000000000023
0
LINE
8
BLACK
6
CONTINUOUS
10
38.3999999999999986
20
-177.0600000000000023
11
39.1499999999999986
21
-177.8100000000000023
0
LINE
8
BLACK
6
CONTINUOUS
10
43.5553869999999961
20
-177.9748380000000054
11
42.4125299999999967
21
-177.9748380000000054
0
LINE
8
BLACK
6
CONTINUOUS
10
42.9839580000000012
20
-177.9748380000000054
11
42.9839580000000012
21
-175.9748380000000054
0
LINE
8
BLACK
6
CONTINUOUS
10
42.9839580000000012
20
-175.9748380000000054
11
42.7934819999999974
21
-176.2605519999999899
0
LINE
8
BLACK
6
CONTINUOUS
10
42.7934819999999974
20
-176.2605519999999899
11
42.6030060000000006
21
-176.4510279999999796
0
LINE
8
BLACK
6
CONTINUOUS
10
42.6030060000000006
20
-176.4510279999999796
11
42.4125299999999967
21
-176.5462660000000028
0
LINE
8
BLACK
6
CONTINUOUS
10
44.4125299999999967
20
-177.7843609999999899
11
44.5077679999999987
21
-177.8795999999999822
0
LINE
8
BLACK
6
CONTINUOUS
10
44.5077679999999987
20
-177.8795999999999822
11
44.4125299999999967
21
-177.9748380000000054
0
LINE
8
BLACK
6
CONTINUOUS
10
44.4125299999999967
20
-177.9748380000000054
11
44.3172919999999948
21
-177.8795999999999822
0
LINE
8
BLACK
6
CONTINUOUS
10
44.3172919999999948
20
-177.8795999999999822
11
44.4125299999999967
21
-177.7843609999999899
0
LINE
8
BLACK
6
CONTINUOUS
10
44.4125299999999967
20
-177.7843609999999899
11
44.4125299999999967
21
-177.9748380000000054
0
LINE
8
BLACK
6
CONTINUOUS
10
46.3172919999999948
20
-175.9748380000000054
11
45.3649109999999993
21
-175.9748380000000054
0
LINE
8
BLACK
6
CONTINUOUS
10
45.3649109999999993
20
-175.9748380000000054
11
45.2696729999999974
21
-176.9272189999999796
0
LINE
8
BLACK
6
CONTINUOUS
10
45.2696729999999974
20
-176.9272189999999796
11
45.3649109999999993
21
-176.8319799999999873
0
LINE
8
BLACK
6
CONTINUOUS
10
45.3649109999999993
20
-176.8319799999999873
11
45.5553869999999961
21
-176.7367419999999925
0
LINE
8
BLACK
6
CONTINUOUS
10
45.5553869999999961
20
-176.7367419999999925
11
46.0315779999999961
21
-176.7367419999999925
0
LINE
8
BLACK
6
CONTINUOUS
10
46.0315779999999961
20
-176.7367419999999925
11
46.222054
21
-176.8319799999999873
0
LINE
8
BLACK
6
CONTINUOUS
10
46.222054
20
-176.8319799999999873
11
46.3172919999999948
21
-176.9272189999999796
0
LINE
8
BLACK
6
CONTINUOUS
10
46.3172919999999948
20
-176.9272189999999796
11
46.4125299999999967
21
-177.1176949999999977
0
LINE
8
BLACK
6
CONTINUOUS
10
46.4125299999999967
20
-177.1176949999999977
11
46.4125299999999967
21
-177.5938850000000002
0
LINE
8
BLACK
6
CONTINUOUS
10
46.4125299999999967
20
-177.5938850000000002
11
46.3172919999999948
21
-177.7843609999999899
0
LINE
8
BLACK
6
CONTINUOUS
10
46.3172919999999948
20
-177.7843609999999899
11
46.222054
21
-177.8795999999999822
0
LINE
8
BLACK
6
CONTINUOUS
10
46.222054
20
-177.8795999999999822
11
46.0315779999999961
21
-177.9748380000000054
0
LINE
8
BLACK
6
CONTINUOUS
10
46.0315779999999961
20
-177.9748380000000054
11
45.5553869999999961
21
-177.9748380000000054
0
LINE
8
BLACK
6
CONTINUOUS
10
45.5553869999999961
20
-177.9748380000000054
11
45.3649109999999993
21
-177.8795999999999822
0
LINE
8
BLACK
6
CONTINUOUS
10
45.3649109999999993
20
-177.8795999999999822
11
45.2696729999999974
21
-177.7843609999999899
0
LINE
8
BLACK
6
CONTINUOUS
10
47.650624999999998
20
-175.9748380000000054
11
47.8411019999999994
21
-175.9748380000000054
0
LINE
8
BLACK
6
CONTINUOUS
10
47.8411019999999994
20
-175.9748380000000054
11
48.0315779999999961
21
-176.0700760000000002
0
LINE
8
BLACK
6
CONTINUOUS
10
48.0315779999999961
20
-176.0700760000000002
11
48.126815999999998
21
-176.1653139999999951
0
LINE
8
BLACK
6
CONTINUOUS
10
48.126815999999998
20
-176.1653139999999951
11
48.222054
21
-176.3557899999999847
0
LINE
8
BLACK
6
CONTINUOUS
10
48.222054
20
-176.3557899999999847
11
48.3172919999999948
21
-176.7367419999999925
0
LINE
8
BLACK
6
CONTINUOUS
10
48.3172919999999948
20
-176.7367419999999925
11
48.3172919999999948
21
-177.2129329999999925
0
LINE
8
BLACK
6
CONTINUOUS
10
48.3172919999999948
20
-177.2129329999999925
11
48.222054
21
-177.5938850000000002
0
LINE
8
BLACK
6
CONTINUOUS
10
48.222054
20
-177.5938850000000002
11
48.126815999999998
21
-177.7843609999999899
0
LINE
8
BLACK
6
CONTINUOUS
10
48.126815999999998
20
-177.7843609999999899
11
48.0315779999999961
21
-177.8795999999999822
0
LINE
8
BLACK
6
CONTINUOUS
10
48.0315779999999961
20
-177.8795999999999822
11
47.8411019999999994
21
-177.9748380000000054
0
LINE
8
BLACK
6
CONTINUOUS
10
47.8411019999999994
20
-177.9748380000000054
11
47.650624999999998
21
-177.9748380000000054
0
LINE
8
BLACK
6
CONTINUOUS
10
47.650624999999998
20
-177.9748380000000054
11
47.4601490000000013
21
-177.8795999999999822
0
LINE
8
BLACK
6
CONTINUOUS
10
47.4601490000000013
20
-177.8795999999999822
11
47.3649109999999993
21
-177.7843609999999899
0
LINE
8
BLACK
6
CONTINUOUS
10
47.3649109999999993
20
-177.7843609999999899
11
47.2696729999999974
21
-177.5938850000000002
0
LINE
8
BLACK
6
CONTINUOUS
10
47.2696729999999974
20
-177.5938850000000002
11
47.1744349999999955
21
-177.2129329999999925
0
LINE
8
BLACK
6
CONTINUOUS
10
47.1744349999999955
20
-177.2129329999999925
11
47.1744349999999955
21
-176.7367419999999925
0
LINE
8
BLACK
6
CONTINUOUS
10
47.1744349999999955
20
-176.7367419999999925
11
47.2696729999999974
21
-176.3557899999999847
0
LINE
8
BLACK
6
CONTINUOUS
10
47.2696729999999974
20
-176.3557899999999847
11
47.3649109999999993
21
-176.1653139999999951
0
LINE
8
BLACK
6
CONTINUOUS
10
47.3649109999999993
20
-176.1653139999999951
11
47.4601490000000013
21
-176.0700760000000002
0
LINE
8
BLACK
6
CONTINUOUS
10
47.4601490000000013
20
-176.0700760000000002
11
47.650624999999998
21
-175.9748380000000054
0
LINE
8
BLACK
6
CONTINUOUS
10
49.5553869999999961
20
-175.9748380000000054
11
49.7458639999999974
21
-175.9748380000000054
0
LINE
8
BLACK
6
CONTINUOUS
10
49.7458639999999974
20
-175.9748380000000054
11
49.9363400000000013
21
-176.0700760000000002
0
LINE
8
BLACK
6
CONTINUOUS
10
49.9363400000000013
20
-176.0700760000000002
11
50.0315779999999961
21
-176.1653139999999951
0
LINE
8
BLACK
6
CONTINUOUS
10
50.0315779999999961
20
-176.1653139999999951
11
50.126815999999998
21
-176.3557899999999847
0
LINE
8
BLACK
6
CONTINUOUS
10
50.126815999999998
20
-176.3557899999999847
11
50.222054
21
-176.7367419999999925
0
LINE
8
BLACK
6
CONTINUOUS
10
50.222054
20
-176.7367419999999925
11
50.222054
21
-177.2129329999999925
0
LINE
8
BLACK
6
CONTINUOUS
10
50.222054
20
-177.2129329999999925
11
50.126815999999998
21
-177.5938850000000002
0
LINE
8
BLACK
6
CONTINUOUS
10
50.126815999999998
20
-177.5938850000000002
11
50.0315779999999961
21
-177.7843609999999899
0
LINE
8
BLACK
6
CONTINUOUS
10
50.0315779999999961
20
-177.7843609999999899
11
49.9363400000000013
21
-177.8795999999999822
0
LINE
8
BLACK
6
CONTINUOUS
10
49.9363400000000013
20
-177.8795999999999822
11
49.7458639999999974
21
-177.9748380000000054
0
LINE
8
BLACK
6
CONTINUOUS
10
49.7458639999999974
20
-177.9748380000000054
11
49.5553869999999961
21
-177.9748380000000054
0
LINE
8
BLACK
6
CONTINUOUS
10
49.5553869999999961
20
-177.9748380000000054
11
49.3649109999999993
21
-177.8795999999999822
0
LINE
8
BLACK
6
CONTINUOUS
10
49.3649109999999993
20
-177.8795999999999822
11
49.2696729999999974
21
-177.7843609999999899
0
LINE
8
BLACK
6
CONTINUOUS
10
49.2696729999999974
20
-177.7843609999999899
11
49.1744349999999955
21
-177.5938850000000002
0
LINE
8
BLACK
6
CONTINUOUS
10
49.1744349999999955
20
-177.5938850000000002
11
49.0791970000000006
21
-177.2129329999999925
0
LINE
8
BLACK
6
CONTINUOUS
10
49.0791970000000006
20
-177.2129329999999925
11
49.0791970000000006
21
-176.7367419999999925
0
LINE
8
BLACK
6
CONTINUOUS
10
49.0791970000000006
20
-176.7367419999999925
11
49.1744349999999955
21
-176.3557899999999847
0
LINE
8
BLACK
6
CONTINUOUS
10
49.1744349999999955
20
-176.3557899999999847
11
49.2696729999999974
21
-176.1653139999999951
0
LINE
8
BLACK
6
CONTINUOUS
10
49.2696729999999974
20
-176.1653139999999951
11
49.3649109999999993
21
-176.0700760000000002
0
LINE
8
BLACK
6
CONTINUOUS
10
49.3649109999999993
20
-176.0700760000000002
11
49.5553869999999961
21
-175.9748380000000054
0
LINE
8
BLACK
6
CONTINUOUS
10
51.0791970000000006
20
-177.9748380000000054
11
51.0791970000000006
21
-176.6415039999999976
0
LINE
8
BLACK
6
CONTINUOUS
10
51.0791970000000006
20
-176.8319799999999873
11
51.1744349999999955
21
-176.7367419999999925
0
LINE
8
BLACK
6
CONTINUOUS
10
51.1744349999999955
20
-176.7367419999999925
11
51.3649109999999993
21
-176.6415039999999976
0
LINE
8
BLACK
6
CONTINUOUS
10
51.3649109999999993
20
-176.6415039999999976
11
51.6506259999999955
21
-176.6415039999999976
0
LINE
8
BLACK
6
CONTINUOUS
10
51.6506259999999955
20
-176.6415039999999976
11
51.8411019999999994
21
-176.7367419999999925
0
LINE
8
BLACK
6
CONTINUOUS
10
51.8411019999999994
20
-176.7367419999999925
11
51.9363399999999942
21
-176.9272189999999796
0
LINE
8
BLACK
6
CONTINUOUS
10
51.9363399999999942
20
-176.9272189999999796
11
51.9363399999999942
21
-177.9748380000000054
0
LINE
8
BLACK
6
CONTINUOUS
10
51.9363399999999942
20
-176.9272189999999796
11
52.0315779999999961
21
-176.7367419999999925
0
LINE
8
BLACK
6
CONTINUOUS
10
52.0315779999999961
20
-176.7367419999999925
11
52.222054
21
-176.6415039999999976
0
LINE
8
BLACK
6
CONTINUOUS
10
52.222054
20
-176.6415039999999976
11
52.5077679999999987
21
-176.6415039999999976
0
LINE
8
BLACK
6
CONTINUOUS
10
52.5077679999999987
20
-176.6415039999999976
11
52.698245
21
-176.7367419999999925
0
LINE
8
BLACK
6
CONTINUOUS
10
52.698245
20
-176.7367419999999925
11
52.7934829999999948
21
-176.9272189999999796
0
LINE
8
BLACK
6
CONTINUOUS
10
52.7934829999999948
20
-176.9272189999999796
11
52.7934829999999948
21
-177.9748380000000054
0
LINE
8
BLACK
6
CONTINUOUS
10
53.7458639999999974
20
-177.9748380000000054
11
53.7458639999999974
21
-176.6415039999999976
0
LINE
8
BLACK
6
CONTINUOUS
10
53.7458639999999974
20
-176.8319799999999873
11
53.8411019999999994
21
-176.7367419999999925
0
LINE
8
BLACK
6
CONTINUOUS
10
53.8411019999999994
20
-176.7367419999999925
11
54.0315779999999961
21
-176.6415039999999976
0
LINE
8
BLACK
6
CONTINUOUS
10
54.0315779999999961
20
-176.6415039999999976
11
54.3172929999999994
21
-176.6415039999999976
0
LINE
8
BLACK
6
CONTINUOUS
10
54.3172929999999994
20
-176.6415039999999976
11
54.5077689999999961
21
-176.7367419999999925
0
LINE
8
BLACK
6
CONTINUOUS
10
54.5077689999999961
20
-176.7367419999999925
11
54.6030069999999981
21
-176.9272189999999796
0
LINE
8
BLACK
6
CONTINUOUS
10
54.6030069999999981
20
-176.9272189999999796
11
54.6030069999999981
21
-177.9748380000000054
0
LINE
8
BLACK
6
CONTINUOUS
10
54.6030069999999981
20
-176.9272189999999796
11
54.698245
21
-176.7367419999999925
0
LINE
8
BLACK
6
CONTINUOUS
10
54.698245
20
-176.7367419999999925
11
54.8887209999999968
21
-176.6415039999999976
0
LINE
8
BLACK
6
CONTINUOUS
10
54.8887209999999968
20
-176.6415039999999976
11
55.1744349999999955
21
-176.6415039999999976
0
LINE
8
BLACK
6
CONTINUOUS
10
55.1744349999999955
20
-176.6415039999999976
11
55.3649119999999968
21
-176.7367419999999925
0
LINE
8
BLACK
6
CONTINUOUS
10
55.3649119999999968
20
-176.7367419999999925
11
55.4601499999999987
21
-176.9272189999999796
0
LINE
8
BLACK
6
CONTINUOUS
10
55.4601499999999987
20
-176.9272189999999796
11
55.4601499999999987
21
-177.9748380000000054
0
LINE
8
BLACK
6
CONTINUOUS
10
59.3649119999999968
20
-175.8795999999999822
11
57.6506270000000001
21
-178.4510279999999796
0
LINE
8
BLACK
6
CONTINUOUS
10
61.9363409999999988
20
-175.9748380000000054
11
62.1268180000000001
21
-175.9748380000000054
0
LINE
8
BLACK
6
CONTINUOUS
10
62.1268180000000001
20
-175.9748380000000054
11
62.3172939999999969
21
-176.0700760000000002
0
LINE
8
BLACK
6
CONTINUOUS
10
62.3172939999999969
20
-176.0700760000000002
11
62.4125319999999988
21
-176.1653139999999951
0
LINE
8
BLACK
6
CONTINUOUS
10
62.4125319999999988
20
-176.1653139999999951
11
62.5077700000000007
21
-176.3557899999999847
0
LINE
8
BLACK
6
CONTINUOUS
10
62.5077700000000007
20
-176.3557899999999847
11
62.6030079999999955
21
-176.7367419999999925
0
LINE
8
BLACK
6
CONTINUOUS
10
62.6030079999999955
20
-176.7367419999999925
11
62.6030079999999955
21
-177.2129329999999925
0
LINE
8
BLACK
6
CONTINUOUS
10
62.6030079999999955
20
-177.2129329999999925
11
62.5077700000000007
21
-177.5938850000000002
0
LINE
8
BLACK
6
CONTINUOUS
10
62.5077700000000007
20
-177.5938850000000002
11
62.4125319999999988
21
-177.7843609999999899
0
LINE
8
BLACK
6
CONTINUOUS
10
62.4125319999999988
20
-177.7843609999999899
11
62.3172939999999969
21
-177.8795999999999822
0
LINE
8
BLACK
6
CONTINUOUS
10
62.3172939999999969
20
-177.8795999999999822
11
62.1268180000000001
21
-177.9748380000000054
0
LINE
8
BLACK
6
CONTINUOUS
10
62.1268180000000001
20
-177.9748380000000054
11
61.9363409999999988
21
-177.9748380000000054
0
LINE
8
BLACK
6
CONTINUOUS
10
61.9363409999999988
20
-177.9748380000000054
11
61.7458649999999949
21
-177.8795999999999822
0
LINE
8
BLACK
6
CONTINUOUS
10
61.7458649999999949
20
-177.8795999999999822
11
61.6506270000000001
21
-177.7843609999999899
0
LINE
8
BLACK
6
CONTINUOUS
10
61.6506270000000001
20
-177.7843609999999899
11
61.5553889999999981
21
-177.5938850000000002
0
LINE
8
BLACK
6
CONTINUOUS
10
61.5553889999999981
20
-177.5938850000000002
11
61.4601509999999962
21
-177.2129329999999925
0
LINE
8
BLACK
6
CONTINUOUS
10
61.4601509999999962
20
-177.2129329999999925
11
61.4601509999999962
21
-176.7367419999999925
0
LINE
8
BLACK
6
CONTINUOUS
10
61.4601509999999962
20
-176.7367419999999925
11
61.5553889999999981
21
-176.3557899999999847
0
LINE
8
BLACK
6
CONTINUOUS
10
61.5553889999999981
20
-176.3557899999999847
11
61.6506270000000001
21
-176.1653139999999951
0
LINE
8
BLACK
6
CONTINUOUS
10
61.6506270000000001
20
-176.1653139999999951
11
61.7458649999999949
21
-176.0700760000000002
0
LINE
8
BLACK
6
CONTINUOUS
10
61.7458649999999949
20
-176.0700760000000002
11
61.9363409999999988
21
-175.9748380000000054
0
LINE
8
BLACK
6
CONTINUOUS
10
63.4601509999999962
20
-177.7843609999999899
11
63.5553889999999981
21
-177.8795999999999822
0
LINE
8
BLACK
6
CONTINUOUS
10
63.5553889999999981
20
-177.8795999999999822
11
63.4601509999999962
21
-177.9748380000000054
0
LINE
8
BLACK
6
CONTINUOUS
10
63.4601509999999962
20
-177.9748380000000054
11
63.3649129999999943
21
-177.8795999999999822
0
LINE
8
BLACK
6
CONTINUOUS
10
63.3649129999999943
20
-177.8795999999999822
11
63.4601509999999962
21
-177.7843609999999899
0
LINE
8
BLACK
6
CONTINUOUS
10
63.4601509999999962
20
-177.7843609999999899
11
63.4601509999999962
21
-177.9748380000000054
0
LINE
8
BLACK
6
CONTINUOUS
10
64.7934839999999923
20
-175.9748380000000054
11
64.9839609999999936
21
-175.9748380000000054
0
LINE
8
BLACK
6
CONTINUOUS
10
64.9839609999999936
20
-175.9748380000000054
11
65.1744369999999975
21
-176.0700760000000002
0
LINE
8
BLACK
6
CONTINUOUS
10
65.1744369999999975
20
-176.0700760000000002
11
65.2696749999999923
21
-176.1653139999999951
0
LINE
8
BLACK
6
CONTINUOUS
10
65.2696749999999923
20
-176.1653139999999951
11
65.3649130000000014
21
-176.3557899999999847
0
LINE
8
BLACK
6
CONTINUOUS
10
65.3649130000000014
20
-176.3557899999999847
11
65.4601509999999962
21
-176.7367419999999925
0
LINE
8
BLACK
6
CONTINUOUS
10
65.4601509999999962
20
-176.7367419999999925
11
65.4601509999999962
21
-177.2129329999999925
0
LINE
8
BLACK
6
CONTINUOUS
10
65.4601509999999962
20
-177.2129329999999925
11
65.3649130000000014
21
-177.5938850000000002
0
LINE
8
BLACK
6
CONTINUOUS
10
65.3649130000000014
20
-177.5938850000000002
11
65.2696749999999923
21
-177.7843609999999899
0
LINE
8
BLACK
6
CONTINUOUS
10
65.2696749999999923
20
-177.7843609999999899
11
65.1744369999999975
21
-177.8795999999999822
0
LINE
8
BLACK
6
CONTINUOUS
10
65.1744369999999975
20
-177.8795999999999822
11
64.9839609999999936
21
-177.9748380000000054
0
LINE
8
BLACK
6
CONTINUOUS
10
64.9839609999999936
20
-177.9748380000000054
11
64.7934839999999923
21
-177.9748380000000054
0
LINE
8
BLACK
6
CONTINUOUS
10
64.7934839999999923
20
-177.9748380000000054
11
64.6030080000000027
21
-177.8795999999999822
0
LINE
8
BLACK
6
CONTINUOUS
10
64.6030080000000027
20
-177.8795999999999822
11
64.5077699999999936
21
-177.7843609999999899
0
LINE
8
BLACK
6
CONTINUOUS
10
64.5077699999999936
20
-177.7843609999999899
11
64.4125319999999988
21
-177.5938850000000002
0
LINE
8
BLACK
6
CONTINUOUS
10
64.4125319999999988
20
-177.5938850000000002
11
64.317294000000004
21
-177.2129329999999925
0
LINE
8
BLACK
6
CONTINUOUS
10
64.317294000000004
20
-177.2129329999999925
11
64.317294000000004
21
-176.7367419999999925
0
LINE
8
BLACK
6
CONTINUOUS
10
64.317294000000004
20
-176.7367419999999925
11
64.4125319999999988
21
-176.3557899999999847
0
LINE
8
BLACK
6
CONTINUOUS
10
64.4125319999999988
20
-176.3557899999999847
11
64.5077699999999936
21
-176.1653139999999951
0
LINE
8
BLACK
6
CONTINUOUS
10
64.5077699999999936
20
-176.1653139999999951
11
64.6030080000000027
21
-176.0700760000000002
0
LINE
8
BLACK
6
CONTINUOUS
10
64.6030080000000027
20
-176.0700760000000002
11
64.7934839999999923
21
-175.9748380000000054
0
LINE
8
BLACK
6
CONTINUOUS
10
67.2696749999999923
20
-175.9748380000000054
11
66.317294000000004
21
-175.9748380000000054
0
LINE
8
BLACK
6
CONTINUOUS
10
66.317294000000004
20
-175.9748380000000054
11
66.2220559999999949
21
-176.9272189999999796
0
LINE
8
BLACK
6
CONTINUOUS
10
66.2220559999999949
20
-176.9272189999999796
11
66.317294000000004
21
-176.8319799999999873
0
LINE
8
BLACK
6
CONTINUOUS
10
66.317294000000004
20
-176.8319799999999873
11
66.5077699999999936
21
-176.7367419999999925
0
LINE
8
BLACK
6
CONTINUOUS
10
66.5077699999999936
20
-176.7367419999999925
11
66.9839609999999936
21
-176.7367419999999925
0
LINE
8
BLACK
6
CONTINUOUS
10
66.9839609999999936
20
-176.7367419999999925
11
67.1744369999999975
21
-176.8319799999999873
0
LINE
8
BLACK
6
CONTINUOUS
10
67.1744369999999975
20
-176.8319799999999873
11
67.2696749999999923
21
-176.9272189999999796
0
LINE
8
BLACK
6
CONTINUOUS
10
67.2696749999999923
20
-176.9272189999999796
11
67.3649130000000014
21
-177.1176949999999977
0
LINE
8
BLACK
6
CONTINUOUS
10
67.3649130000000014
20
-177.1176949999999977
11
67.3649130000000014
21
-177.5938850000000002
0
LINE
8
BLACK
6
CONTINUOUS
10
67.3649130000000014
20
-177.5938850000000002
11
67.2696749999999923
21
-177.7843609999999899
0
LINE
8
BLACK
6
CONTINUOUS
10
67.2696749999999923
20
-177.7843609999999899
11
67.1744369999999975
21
-177.8795999999999822
0
LINE
8
BLACK
6
CONTINUOUS
10
67.1744369999999975
20
-177.8795999999999822
11
66.9839609999999936
21
-177.9748380000000054
0
LINE
8
BLACK
6
CONTINUOUS
10
66.9839609999999936
20
-177.9748380000000054
11
66.5077699999999936
21
-177.9748380000000054
0
LINE
8
BLACK
6
CONTINUOUS
10
66.5077699999999936
20
-177.9748380000000054
11
66.317294000000004
21
-177.8795999999999822
0
LINE
8
BLACK
6
CONTINUOUS
10
66.317294000000004
20
-177.8795999999999822
11
66.2220559999999949
21
-177.7843609999999899
0
LINE
8
BLACK
6
CONTINUOUS
10
68.317294000000004
20
-177.9748380000000054
11
68.6982459999999975
21
-177.9748380000000054
0
LINE
8
BLACK
6
CONTINUOUS
10
68.6982459999999975
20
-177.9748380000000054
11
68.8887229999999988
21
-177.8795999999999822
0
LINE
8
BLACK
6
CONTINUOUS
10
68.8887229999999988
20
-177.8795999999999822
11
68.9839609999999936
21
-177.7843609999999899
0
LINE
8
BLACK
6
CONTINUOUS
10
68.9839609999999936
20
-177.7843609999999899
11
69.1744369999999975
21
-177.4986470000000054
0
LINE
8
BLACK
6
CONTINUOUS
10
69.1744369999999975
20
-177.4986470000000054
11
69.2696749999999923
21
-177.1176949999999977
0
LINE
8
BLACK
6
CONTINUOUS
10
69.2696749999999923
20
-177.1176949999999977
11
69.2696749999999923
21
-176.3557899999999847
0
LINE
8
BLACK
6
CONTINUOUS
10
69.2696749999999923
20
-176.3557899999999847
11
69.1744369999999975
21
-176.1653139999999951
0
LINE
8
BLACK
6
CONTINUOUS
10
69.1744369999999975
20
-176.1653139999999951
11
69.0791990000000027
21
-176.0700760000000002
0
LINE
8
BLACK
6
CONTINUOUS
10
69.0791990000000027
20
-176.0700760000000002
11
68.8887229999999988
21
-175.9748380000000054
0
LINE
8
BLACK
6
CONTINUOUS
10
68.8887229999999988
20
-175.9748380000000054
11
68.5077699999999936
21
-175.9748380000000054
0
LINE
8
BLACK
6
CONTINUOUS
10
68.5077699999999936
20
-175.9748380000000054
11
68.317294000000004
21
-176.0700760000000002
0
LINE
8
BLACK
6
CONTINUOUS
10
68.317294000000004
20
-176.0700760000000002
11
68.2220559999999949
21
-176.1653139999999951
0
LINE
8
BLACK
6
CONTINUOUS
10
68.2220559999999949
20
-176.1653139999999951
11
68.1268180000000001
21
-176.3557899999999847
0
LINE
8
BLACK
6
CONTINUOUS
10
68.1268180000000001
20
-176.3557899999999847
11
68.1268180000000001
21
-176.8319799999999873
0
LINE
8
BLACK
6
CONTINUOUS
10
68.1268180000000001
20
-176.8319799999999873
11
68.2220559999999949
21
-177.0224570000000028
0
LINE
8
BLACK
6
CONTINUOUS
10
68.2220559999999949
20
-177.0224570000000028
11
68.317294000000004
21
-177.1176949999999977
0
LINE
8
BLACK
6
CONTINUOUS
10
68.317294000000004
20
-177.1176949999999977
11
68.5077699999999936
21
-177.2129329999999925
0
LINE
8
BLACK
6
CONTINUOUS
10
68.5077699999999936
20
-177.2129329999999925
11
68.8887229999999988
21
-177.2129329999999925
0
LINE
8
BLACK
6
CONTINUOUS
10
68.8887229999999988
20
-177.2129329999999925
11
69.0791990000000027
21
-177.1176949999999977
0
LINE
8
BLACK
6
CONTINUOUS
10
69.0791990000000027
20
-177.1176949999999977
11
69.1744369999999975
21
-177.0224570000000028
0
LINE
8
BLACK
6
CONTINUOUS
10
69.1744369999999975
20
-177.0224570000000028
11
69.2696749999999923
21
-176.8319799999999873
0
LINE
8
BLACK
6
CONTINUOUS
10
71.1744369999999975
20
-177.9748380000000054
11
70.0315799999999911
21
-177.9748380000000054
0
LINE
8
BLACK
6
CONTINUOUS
10
70.6030080000000027
20
-177.9748380000000054
11
70.6030080000000027
21
-175.9748380000000054
0
LINE
8
BLACK
6
CONTINUOUS
10
70.6030080000000027
20
-175.9748380000000054
11
70.4125319999999988
21
-176.2605519999999899
0
LINE
8
BLACK
6
CONTINUOUS
10
70.4125319999999988
20
-176.2605519999999899
11
70.2220559999999949
21
-176.4510279999999796
0
LINE
8
BLACK
6
CONTINUOUS
10
70.2220559999999949
20
-176.4510279999999796
11
70.0315799999999911
21
-176.5462660000000028
0
LINE
8
BLACK
6
CONTINUOUS
10
71.9363419999999962
20
-175.9748380000000054
11
71.9363419999999962
21
-176.3557899999999847
0
LINE
8
BLACK
6
CONTINUOUS
10
72.698246999999995
20
-175.9748380000000054
11
72.698246999999995
21
-176.3557899999999847
0
LINE
8
BLACK
6
CONTINUOUS
10
75.650628999999995
20
-178.7367419999999925
11
75.5553900000000027
21
-178.6415039999999976
0
LINE
8
BLACK
6
CONTINUOUS
10
75.5553900000000027
20
-178.6415039999999976
11
75.3649139999999989
21
-178.3557899999999847
0
LINE
8
BLACK
6
CONTINUOUS
10
75.3649139999999989
20
-178.3557899999999847
11
75.2696759999999898
21
-178.1653139999999951
0
LINE
8
BLACK
6
CONTINUOUS
10
75.2696759999999898
20
-178.1653139999999951
11
75.174437999999995
21
-177.8795999999999822
0
LINE
8
BLACK
6
CONTINUOUS
10
75.174437999999995
20
-177.8795999999999822
11
75.0792000000000002
21
-177.4034089999999821
0
LINE
8
BLACK
6
CONTINUOUS
10
75.0792000000000002
20
-177.4034089999999821
11
75.0792000000000002
21
-177.0224570000000028
0
LINE
8
BLACK
6
CONTINUOUS
10
75.0792000000000002
20
-177.0224570000000028
11
75.174437999999995
21
-176.5462660000000028
0
LINE
8
BLACK
6
CONTINUOUS
10
75.174437999999995
20
-176.5462660000000028
11
75.2696759999999898
21
-176.2605519999999899
0
LINE
8
BLACK
6
CONTINUOUS
10
75.2696759999999898
20
-176.2605519999999899
11
75.3649139999999989
21
-176.0700760000000002
0
LINE
8
BLACK
6
CONTINUOUS
10
75.3649139999999989
20
-176.0700760000000002
11
75.5553900000000027
21
-175.7843609999999899
0
LINE
8
BLACK
6
CONTINUOUS
10
75.5553900000000027
20
-175.7843609999999899
11
75.650628999999995
21
-175.689122999999995
0
LINE
8
BLACK
6
CONTINUOUS
10
76.5077709999999911
20
-177.9748380000000054
11
76.8887229999999988
21
-177.9748380000000054
0
LINE
8
BLACK
6
CONTINUOUS
10
76.8887229999999988
20
-177.9748380000000054
11
77.0792000000000002
21
-177.8795999999999822
0
LINE
8
BLACK
6
CONTINUOUS
10
77.0792000000000002
20
-177.8795999999999822
11
77.174437999999995
21
-177.7843609999999899
0
LINE
8
BLACK
6
CONTINUOUS
10
77.174437999999995
20
-177.7843609999999899
11
77.3649139999999989
21
-177.4986470000000054
0
LINE
8
BLACK
6
CONTINUOUS
10
77.3649139999999989
20
-177.4986470000000054
11
77.4601519999999937
21
-177.1176949999999977
0
LINE
8
BLACK
6
CONTINUOUS
10
77.4601519999999937
20
-177.1176949999999977
11
77.4601519999999937
21
-176.3557899999999847
0
LINE
8
BLACK
6
CONTINUOUS
10
77.4601519999999937
20
-176.3557899999999847
11
77.3649139999999989
21
-176.1653139999999951
0
LINE
8
BLACK
6
CONTINUOUS
10
77.3649139999999989
20
-176.1653139999999951
11
77.2696759999999898
21
-176.0700760000000002
0
LINE
8
BLACK
6
CONTINUOUS
10
77.2696759999999898
20
-176.0700760000000002
11
77.0792000000000002
21
-175.9748380000000054
0
LINE
8
BLACK
6
CONTINUOUS
10
77.0792000000000002
20
-175.9748380000000054
11
76.698246999999995
21
-175.9748380000000054
0
LINE
8
BLACK
6
CONTINUOUS
10
76.698246999999995
20
-175.9748380000000054
11
76.5077709999999911
21
-176.0700760000000002
0
LINE
8
BLACK
6
CONTINUOUS
10
76.5077709999999911
20
-176.0700760000000002
11
76.4125329999999963
21
-176.1653139999999951
0
LINE
8
BLACK
6
CONTINUOUS
10
76.4125329999999963
20
-176.1653139999999951
11
76.3172950000000014
21
-176.3557899999999847
0
LINE
8
BLACK
6
CONTINUOUS
10
76.3172950000000014
20
-176.3557899999999847
11
76.3172950000000014
21
-176.8319799999999873
0
LINE
8
BLACK
6
CONTINUOUS
10
76.3172950000000014
20
-176.8319799999999873
11
76.4125329999999963
21
-177.0224570000000028
0
LINE
8
BLACK
6
CONTINUOUS
10
76.4125329999999963
20
-177.0224570000000028
11
76.5077709999999911
21
-177.1176949999999977
0
LINE
8
BLACK
6
CONTINUOUS
10
76.5077709999999911
20
-177.1176949999999977
11
76.698246999999995
21
-177.2129329999999925
0
LINE
8
BLACK
6
CONTINUOUS
10
76.698246999999995
20
-177.2129329999999925
11
77.0792000000000002
21
-177.2129329999999925
0
LINE
8
BLACK
6
CONTINUOUS
10
77.0792000000000002
20
-177.2129329999999925
11
77.2696759999999898
21
-177.1176949999999977
0
LINE
8
BLACK
6
CONTINUOUS
10
77.2696759999999898
20
-177.1176949999999977
11
77.3649139999999989
21
-177.0224570000000028
0
LINE
8
BLACK
6
CONTINUOUS
10
77.3649139999999989
20
-177.0224570000000028
11
77.4601519999999937
21
-176.8319799999999873
0
LINE
8
BLACK
6
CONTINUOUS
10
79.8411049999999989
20
-177.9748380000000054
11
79.8411049999999989
21
-175.9748380000000054
0
LINE
8
BLACK
6
CONTINUOUS
10
80.6982479999999924
20
-177.9748380000000054
11
80.6982479999999924
21
-176.9272189999999796
0
LINE
8
BLACK
6
CONTINUOUS
10
80.6982479999999924
20
-176.9272189999999796
11
80.6030099999999976
21
-176.7367419999999925
0
LINE
8
BLACK
6
CONTINUOUS
10
80.6030099999999976
20
-176.7367419999999925
11
80.4125339999999937
21
-176.6415039999999976
0
LINE
8
BLACK
6
CONTINUOUS
10
80.4125339999999937
20
-176.6415039999999976
11
80.1268189999999976
21
-176.6415039999999976
0
LINE
8
BLACK
6
CONTINUOUS
10
80.1268189999999976
20
-176.6415039999999976
11
79.9363429999999937
21
-176.7367419999999925
0
LINE
8
BLACK
6
CONTINUOUS
10
79.9363429999999937
20
-176.7367419999999925
11
79.8411049999999989
21
-176.8319799999999873
0
LINE
8
BLACK
6
CONTINUOUS
10
81.9363429999999937
20
-177.9748380000000054
11
81.7458669999999898
21
-177.8795999999999822
0
LINE
8
BLACK
6
CONTINUOUS
10
81.7458669999999898
20
-177.8795999999999822
11
81.650628999999995
21
-177.7843609999999899
0
LINE
8
BLACK
6
CONTINUOUS
10
81.650628999999995
20
-177.7843609999999899
11
81.5553910000000002
21
-177.5938850000000002
0
LINE
8
BLACK
6
CONTINUOUS
10
81.5553910000000002
20
-177.5938850000000002
11
81.5553910000000002
21
-177.0224570000000028
0
LINE
8
BLACK
6
CONTINUOUS
10
81.5553910000000002
20
-177.0224570000000028
11
81.650628999999995
21
-176.8319799999999873
0
LINE
8
BLACK
6
CONTINUOUS
10
81.650628999999995
20
-176.8319799999999873
11
81.7458669999999898
21
-176.7367419999999925
0
LINE
8
BLACK
6
CONTINUOUS
10
81.7458669999999898
20
-176.7367419999999925
11
81.9363429999999937
21
-176.6415039999999976
0
LINE
8
BLACK
6
CONTINUOUS
10
81.9363429999999937
20
-176.6415039999999976
11
82.2220579999999899
21
-176.6415039999999976
0
LINE
8
BLACK
6
CONTINUOUS
10
82.2220579999999899
20
-176.6415039999999976
11
82.4125339999999937
21
-176.7367419999999925
0
LINE
8
BLACK
6
CONTINUOUS
10
82.4125339999999937
20
-176.7367419999999925
11
82.5077720000000028
21
-176.8319799999999873
0
LINE
8
BLACK
6
CONTINUOUS
10
82.5077720000000028
20
-176.8319799999999873
11
82.6030099999999976
21
-177.0224570000000028
0
LINE
8
BLACK
6
CONTINUOUS
10
82.6030099999999976
20
-177.0224570000000028
11
82.6030099999999976
21
-177.5938850000000002
0
LINE
8
BLACK
6
CONTINUOUS
10
82.6030099999999976
20
-177.5938850000000002
11
82.5077720000000028
21
-177.7843609999999899
0
LINE
8
BLACK
6
CONTINUOUS
10
82.5077720000000028
20
-177.7843609999999899
11
82.4125339999999937
21
-177.8795999999999822
0
LINE
8
BLACK
6
CONTINUOUS
10
82.4125339999999937
20
-177.8795999999999822
11
82.2220579999999899
21
-177.9748380000000054
0
LINE
8
BLACK
6
CONTINUOUS
10
82.2220579999999899
20
-177.9748380000000054
11
81.9363429999999937
21
-177.9748380000000054
0
LINE
8
BLACK
6
CONTINUOUS
10
83.7458669999999898
20
-177.9748380000000054
11
83.5553910000000002
21
-177.8795999999999822
0
LINE
8
BLACK
6
CONTINUOUS
10
83.5553910000000002
20
-177.8795999999999822
11
83.4601529999999912
21
-177.689122999999995
0
LINE
8
BLACK
6
CONTINUOUS
10
83.4601529999999912
20
-177.689122999999995
11
83.4601529999999912
21
-175.9748380000000054
0
LINE
8
BLACK
6
CONTINUOUS
10
85.2696770000000015
20
-177.8795999999999822
11
85.0792009999999976
21
-177.9748380000000054
0
LINE
8
BLACK
6
CONTINUOUS
10
85.0792009999999976
20
-177.9748380000000054
11
84.6982479999999924
21
-177.9748380000000054
0
LINE
8
BLACK
6
CONTINUOUS
10
84.6982479999999924
20
-177.9748380000000054
11
84.5077720000000028
21
-177.8795999999999822
0
LINE
8
BLACK
6
CONTINUOUS
10
84.5077720000000028
20
-177.8795999999999822
11
84.4125339999999937
21
-177.689122999999995
0
LINE
8
BLACK
6
CONTINUOUS
10
84.4125339999999937
20
-177.689122999999995
11
84.4125339999999937
21
-176.9272189999999796
0
LINE
8
BLACK
6
CONTINUOUS
10
84.4125339999999937
20
-176.9272189999999796
11
84.5077720000000028
21
-176.7367419999999925
0
LINE
8
BLACK
6
CONTINUOUS
10
84.5077720000000028
20
-176.7367419999999925
11
84.6982479999999924
21
-176.6415039999999976
0
LINE
8
BLACK
6
CONTINUOUS
10
84.6982479999999924
20
-176.6415039999999976
11
85.0792009999999976
21
-176.6415039999999976
0
LINE
8
BLACK
6
CONTINUOUS
10
85.0792009999999976
20
-176.6415039999999976
11
85.2696770000000015
21
-176.7367419999999925
0
LINE
8
BLACK
6
CONTINUOUS
10
85.2696770000000015
20
-176.7367419999999925
11
85.3649149999999963
21
-176.9272189999999796
0
LINE
8
BLACK
6
CONTINUOUS
10
85.3649149999999963
20
-176.9272189999999796
11
85.3649149999999963
21
-177.1176949999999977
0
LINE
8
BLACK
6
CONTINUOUS
10
85.3649149999999963
20
-177.1176949999999977
11
84.4125339999999937
21
-177.3081709999999873
0
LINE
8
BLACK
6
CONTINUOUS
10
86.126819999999995
20
-177.8795999999999822
11
86.3172959999999989
21
-177.9748380000000054
0
LINE
8
BLACK
6
CONTINUOUS
10
86.3172959999999989
20
-177.9748380000000054
11
86.6982479999999924
21
-177.9748380000000054
0
LINE
8
BLACK
6
CONTINUOUS
10
86.6982479999999924
20
-177.9748380000000054
11
86.8887249999999938
21
-177.8795999999999822
0
LINE
8
BLACK
6
CONTINUOUS
10
86.8887249999999938
20
-177.8795999999999822
11
86.9839630000000028
21
-177.689122999999995
0
LINE
8
BLACK
6
CONTINUOUS
10
86.9839630000000028
20
-177.689122999999995
11
86.9839630000000028
21
-177.5938850000000002
0
LINE
8
BLACK
6
CONTINUOUS
10
86.9839630000000028
20
-177.5938850000000002
11
86.8887249999999938
21
-177.4034089999999821
0
LINE
8
BLACK
6
CONTINUOUS
10
86.8887249999999938
20
-177.4034089999999821
11
86.6982479999999924
21
-177.3081709999999873
0
LINE
8
BLACK
6
CONTINUOUS
10
86.6982479999999924
20
-177.3081709999999873
11
86.4125339999999937
21
-177.3081709999999873
0
LINE
8
BLACK
6
CONTINUOUS
10
86.4125339999999937
20
-177.3081709999999873
11
86.2220579999999899
21
-177.2129329999999925
0
LINE
8
BLACK
6
CONTINUOUS
10
86.2220579999999899
20
-177.2129329999999925
11
86.126819999999995
21
-177.0224570000000028
0
LINE
8
BLACK
6
CONTINUOUS
10
86.126819999999995
20
-177.0224570000000028
11
86.126819999999995
21
-176.9272189999999796
0
LINE
8
BLACK
6
CONTINUOUS
10
86.126819999999995
20
-176.9272189999999796
11
86.2220579999999899
21
-176.7367419999999925
0
LINE
8
BLACK
6
CONTINUOUS
10
86.2220579999999899
20
-176.7367419999999925
11
86.4125339999999937
21
-176.6415039999999976
0
LINE
8
BLACK
6
CONTINUOUS
10
86.4125339999999937
20
-176.6415039999999976
11
86.6982479999999924
21
-176.6415039999999976
0
LINE
8
BLACK
6
CONTINUOUS
10
86.6982479999999924
20
-176.6415039999999976
11
86.8887249999999938
21
-176.7367419999999925
0
LINE
8
BLACK
6
CONTINUOUS
10
87.6506299999999925
20
-178.7367419999999925
11
87.7458680000000015
21
-178.6415039999999976
0
LINE
8
BLACK
6
CONTINUOUS
10
87.7458680000000015
20
-178.6415039999999976
11
87.9363439999999912
21
-178.3557899999999847
0
LINE
8
BLACK
6
CONTINUOUS
10
87.9363439999999912
20
-178.3557899999999847
11
88.0315820000000002
21
-178.1653139999999951
0
LINE
8
BLACK
6
CONTINUOUS
10
88.0315820000000002
20
-178.1653139999999951
11
88.126819999999995
21
-177.8795999999999822
0
LINE
8
BLACK
6
CONTINUOUS
10
88.126819999999995
20
-177.8795999999999822
11
88.2220579999999899
21
-177.4034089999999821
0
LINE
8
BLACK
6
CONTINUOUS
10
88.2220579999999899
20
-177.4034089999999821
11
88.2220579999999899
21
-177.0224570000000028
0
LINE
8
BLACK
6
CONTINUOUS
10
88.2220579999999899
20
-177.0224570000000028
11
88.126819999999995
21
-176.5462660000000028
0
LINE
8
BLACK
6
CONTINUOUS
10
88.126819999999995
20
-176.5462660000000028
11
88.0315820000000002
21
-176.2605519999999899
0
LINE
8
BLACK
6
CONTINUOUS
10
88.0315820000000002
20
-176.2605519999999899
11
87.9363439999999912
21
-176.0700760000000002
0
LINE
8
BLACK
6
CONTINUOUS
10
87.9363439999999912
20
-176.0700760000000002
11
87.7458680000000015
21
-175.7843609999999899
0
LINE
8
BLACK
6
CONTINUOUS
10
87.7458680000000015
20
-175.7843609999999899
11
87.6506299999999925
21
-175.689122999999995
  0
ENDSEC
  0
EOF
